profile_id,fake_profile
P00001,0
P00002,1
P00003,0
P00004,0
P00005,0
P00006,0
P00007,0
P00008,1
P00009,1
P00010,0
P00011,0
P00012,0
P00013,0
P00014,0
P00015,1
P00016,1
P00017,0
P00018,1
P00019,1
P00020,1
P00021,0
P00022,1
P00023,1
P00024,0
P00025,1
P00026,0
P00027,0
P00028,1
P00029,0
P00030,0
P00031,1
P00032,0
P00033,1
P00034,0
P00035,1
P00036,1
P00037,1
P00038,1
P00039,0
P00040,0
P00041,1
P00042,1
P00043,0
P00044,0
P00045,1
P00046,0
P00047,0
P00048,0
P00049,0
P00050,0
P00051,0
P00052,0
P00053,0
P00054,0
P00055,1
P00056,1
P00057,0
P00058,0
P00059,0
P00060,0
P00061,1
P00062,0
P00063,1
P00064,0
P00065,1
P00066,1
P00067,0
P00068,0
P00069,1
P00070,0
P00071,1
P00072,0
P00073,1
P00074,0
P00075,1
P00076,1
P00077,1
P00078,1
P00079,1
P00080,0
P00081,1
P00082,1
P00083,0
P00084,0
P00085,0
P00086,0
P00087,0
P00088,0
P00089,0
P00090,0
P00091,1
P00092,1
P00093,1
P00094,0
P00095,1
P00096,0
P00097,0
P00098,0
P00099,0
P00100,0
P00101,1
P00102,0
P00103,1
P00104,0
P00105,1
P00106,1
P00107,0
P00108,1
P00109,0
P00110,1
P00111,0
P00112,0
P00113,0
P00114,0
P00115,0
P00116,0
P00117,1
P00118,0
P00119,0
P00120,1
P00121,0
P00122,0
P00123,0
P00124,1
P00125,1
P00126,0
P00127,1
P00128,0
P00129,1
P00130,1
P00131,0
P00132,0
P00133,1
P00134,1
P00135,0
P00136,0
P00137,1
P00138,0
P00139,1
P00140,0
P00141,0
P00142,1
P00143,1
P00144,1
P00145,1
P00146,1
P00147,1
P00148,0
P00149,1
P00150,1
P00151,0
P00152,0
P00153,0
P00154,0
P00155,0
P00156,0
P00157,1
P00158,0
P00159,0
P00160,0
P00161,0
P00162,0
P00163,0
P00164,0
P00165,0
P00166,0
P00167,0
P00168,1
P00169,0
P00170,1
P00171,1
P00172,0
P00173,0
P00174,1
P00175,0
P00176,0
P00177,1
P00178,0
P00179,0
P00180,0
P00181,1
P00182,0
P00183,1
P00184,1
P00185,1
P00186,1
P00187,0
P00188,0
P00189,0
P00190,0
P00191,0
P00192,0
P00193,0
P00194,1
P00195,0
P00196,0
P00197,1
P00198,0
P00199,0
P00200,1
P00201,1
P00202,1
P00203,0
P00204,1
P00205,0
P00206,0
P00207,1
P00208,0
P00209,0
P00210,1
P00211,0
P00212,1
P00213,1
P00214,0
P00215,0
P00216,1
P00217,0
P00218,1
P00219,1
P00220,0
P00221,1
P00222,0
P00223,0
P00224,0
P00225,1
P00226,0
P00227,0
P00228,0
P00229,0
P00230,1
P00231,0
P00232,1
P00233,1
P00234,0
P00235,0
P00236,1
P00237,0
P00238,0
P00239,0
P00240,0
P00241,0
P00242,1
P00243,1
P00244,0
P00245,0
P00246,0
P00247,0
P00248,1
P00249,1
P00250,0
P00251,1
P00252,1
P00253,0
P00254,1
P00255,0
P00256,0
P00257,0
P00258,0
P00259,0
P00260,1
P00261,0
P00262,0
P00263,0
P00264,1
P00265,1
P00266,0
P00267,1
P00268,0
P00269,0
P00270,0
P00271,0
P00272,0
P00273,1
P00274,0
P00275,1
P00276,1
P00277,0
P00278,1
P00279,1
P00280,0
P00281,0
P00282,0
P00283,0
P00284,0
P00285,1
P00286,0
P00287,0
P00288,1
P00289,0
P00290,0
P00291,0
P00292,0
P00293,0
P00294,1
P00295,0
P00296,0
P00297,1
P00298,1
P00299,1
P00300,0
P00301,0
P00302,0
P00303,1
P00304,0
P00305,0
P00306,0
P00307,1
P00308,1
P00309,0
P00310,0
P00311,1
P00312,0
P00313,1
P00314,0
P00315,0
P00316,0
P00317,0
P00318,1
P00319,0
P00320,0
P00321,0
P00322,1
P00323,1
P00324,0
P00325,0
P00326,0
P00327,1
P00328,1
P00329,0
P00330,0
P00331,0
P00332,1
P00333,0
P00334,1
P00335,0
P00336,1
P00337,1
P00338,0
P00339,0
P00340,1
P00341,0
P00342,0
P00343,0
P00344,0
P00345,0
P00346,0
P00347,0
P00348,0
P00349,0
P00350,0
P00351,0
P00352,0
P00353,1
P00354,0
P00355,0
P00356,1
P00357,1
P00358,0
P00359,0
P00360,0
P00361,0
P00362,1
P00363,0
P00364,0
P00365,0
P00366,1
P00367,1
P00368,0
P00369,0
P00370,0
P00371,0
P00372,1
P00373,1
P00374,1
P00375,1
P00376,0
P00377,1
P00378,0
P00379,1
P00380,1
P00381,0
P00382,0
P00383,0
P00384,1
P00385,0
P00386,1
P00387,1
P00388,0
P00389,0
P00390,1
P00391,1
P00392,0
P00393,1
P00394,0
P00395,0
P00396,0
P00397,1
P00398,0
P00399,1
P00400,0
P00401,1
P00402,1
P00403,0
P00404,1
P00405,0
P00406,0
P00407,1
P00408,0
P00409,0
P00410,1
P00411,0
P00412,1
P00413,1
P00414,0
P00415,0
P00416,0
P00417,0
P00418,0
P00419,1
P00420,0
P00421,0
P00422,0
P00423,0
P00424,0
P00425,1
P00426,1
P00427,0
P00428,0
P00429,0
P00430,0
P00431,0
P00432,1
P00433,0
P00434,0
P00435,0
P00436,0
P00437,0
P00438,0
P00439,0
P00440,1
P00441,0
P00442,0
P00443,0
P00444,1
P00445,0
P00446,1
P00447,0
P00448,1
P00449,1
P00450,0
P00451,0
P00452,1
P00453,0
P00454,1
P00455,1
P00456,0
P00457,0
P00458,0
P00459,1
P00460,0
P00461,0
P00462,1
P00463,1
P00464,0
P00465,0
P00466,0
P00467,1
P00468,0
P00469,1
P00470,1
P00471,1
P00472,0
P00473,0
P00474,0
P00475,0
P00476,1
P00477,1
P00478,0
P00479,0
P00480,0
P00481,0
P00482,1
P00483,1
P00484,1
P00485,1
P00486,1
P00487,0
P00488,0
P00489,0
P00490,0
P00491,0
P00492,1
P00493,1
P00494,0
P00495,0
P00496,0
P00497,0
P00498,0
P00499,0
P00500,1
P00501,1
P00502,1
P00503,0
P00504,0
P00505,1
P00506,0
P00507,1
P00508,0
P00509,1
P00510,1
P00511,0
P00512,1
P00513,0
P00514,0
P00515,0
P00516,0
P00517,0
P00518,1
P00519,0
P00520,0
P00521,1
P00522,0
P00523,1
P00524,1
P00525,0
P00526,0
P00527,1
P00528,1
P00529,0
P00530,0
P00531,0
P00532,0
P00533,0
P00534,1
P00535,1
P00536,1
P00537,0
P00538,0
P00539,0
P00540,0
P00541,0
P00542,0
P00543,1
P00544,1
P00545,0
P00546,0
P00547,0
P00548,0
P00549,0
P00550,0
P00551,1
P00552,1
P00553,0
P00554,0
P00555,0
P00556,0
P00557,0
P00558,1
P00559,0
P00560,0
P00561,0
P00562,0
P00563,0
P00564,1
P00565,1
P00566,1
P00567,1
P00568,0
P00569,0
P00570,1
P00571,0
P00572,0
P00573,0
P00574,0
P00575,0
P00576,0
P00577,0
P00578,1
P00579,0
P00580,0
P00581,1
P00582,0
P00583,0
P00584,1
P00585,1
P00586,0
P00587,0
P00588,0
P00589,1
P00590,1
P00591,1
P00592,0
P00593,1
P00594,1
P00595,1
P00596,0
P00597,1
P00598,1
P00599,1
P00600,0
P00601,0
P00602,1
P00603,1
P00604,0
P00605,0
P00606,1
P00607,0
P00608,1
P00609,0
P00610,0
P00611,0
P00612,1
P00613,1
P00614,0
P00615,0
P00616,1
P00617,0
P00618,0
P00619,0
P00620,0
P00621,0
P00622,0
P00623,0
P00624,0
P00625,1
P00626,0
P00627,1
P00628,0
P00629,0
P00630,0
P00631,0
P00632,1
P00633,0
P00634,1
P00635,0
P00636,0
P00637,0
P00638,0
P00639,0
P00640,0
P00641,1
P00642,0
P00643,1
P00644,0
P00645,0
P00646,0
P00647,0
P00648,1
P00649,0
P00650,0
P00651,0
P00652,1
P00653,1
P00654,0
P00655,0
P00656,0
P00657,0
P00658,0
P00659,1
P00660,1
P00661,1
P00662,0
P00663,1
P00664,1
P00665,0
P00666,1
P00667,0
P00668,0
P00669,1
P00670,0
P00671,1
P00672,1
P00673,1
P00674,0
P00675,0
P00676,0
P00677,0
P00678,0
P00679,1
P00680,1
P00681,0
P00682,1
P00683,1
P00684,1
P00685,0
P00686,0
P00687,1
P00688,1
P00689,0
P00690,0
P00691,0
P00692,0
P00693,0
P00694,1
P00695,1
P00696,0
P00697,0
P00698,0
P00699,0
P00700,0
P00701,0
P00702,0
P00703,1
P00704,1
P00705,1
P00706,0
P00707,1
P00708,0
P00709,1
P00710,0
P00711,0
P00712,0
P00713,0
P00714,0
P00715,1
P00716,0
P00717,1
P00718,0
P00719,0
P00720,0
P00721,1
P00722,0
P00723,0
P00724,0
P00725,1
P00726,0
P00727,1
P00728,1
P00729,0
P00730,0
P00731,1
P00732,0
P00733,1
P00734,0
P00735,1
P00736,0
P00737,0
P00738,0
P00739,0
P00740,0
P00741,0
P00742,1
P00743,1
P00744,1
P00745,1
P00746,0
P00747,1
P00748,0
P00749,0
P00750,0
P00751,0
P00752,0
P00753,1
P00754,0
P00755,0
P00756,0
P00757,0
P00758,0
P00759,0
P00760,0
P00761,0
P00762,0
P00763,0
P00764,1
P00765,0
P00766,1
P00767,0
P00768,1
P00769,0
P00770,1
P00771,1
P00772,0
P00773,0
P00774,1
P00775,1
P00776,0
P00777,1
P00778,1
P00779,0
P00780,1
P00781,0
P00782,0
P00783,0
P00784,1
P00785,1
P00786,1
P00787,0
P00788,0
P00789,0
P00790,0
P00791,0
P00792,0
P00793,0
P00794,0
P00795,1
P00796,0
P00797,0
P00798,0
P00799,0
P00800,1
P00801,1
P00802,1
P00803,0
P00804,0
P00805,0
P00806,0
P00807,0
P00808,0
P00809,1
P00810,0
P00811,0
P00812,1
P00813,1
P00814,1
P00815,1
P00816,1
P00817,1
P00818,1
P00819,0
P00820,0
P00821,0
P00822,0
P00823,0
P00824,0
P00825,0
P00826,1
P00827,0
P00828,0
P00829,1
P00830,1
P00831,1
P00832,1
P00833,1
P00834,0
P00835,0
P00836,0
P00837,0
P00838,1
P00839,1
P00840,0
P00841,1
P00842,0
P00843,1
P00844,0
P00845,0
P00846,0
P00847,0
P00848,0
P00849,1
P00850,0
P00851,1
P00852,1
P00853,1
P00854,0
P00855,0
P00856,0
P00857,0
P00858,1
P00859,0
P00860,1
P00861,0
P00862,0
P00863,0
P00864,1
P00865,1
P00866,1
P00867,0
P00868,0
P00869,1
P00870,0
P00871,0
P00872,1
P00873,1
P00874,0
P00875,0
P00876,0
P00877,0
P00878,1
P00879,1
P00880,0
P00881,1
P00882,0
P00883,1
P00884,1
P00885,0
P00886,0
P00887,1
P00888,0
P00889,1
P00890,0
P00891,1
P00892,0
P00893,0
P00894,0
P00895,0
P00896,1
P00897,0
P00898,0
P00899,0
P00900,0
P00901,0
P00902,1
P00903,0
P00904,0
P00905,0
P00906,1
P00907,0
P00908,0
P00909,0
P00910,1
P00911,0
P00912,0
P00913,0
P00914,0
P00915,1
P00916,0
P00917,0
P00918,0
P00919,0
P00920,0
P00921,0
P00922,0
P00923,0
P00924,1
P00925,0
P00926,0
P00927,1
P00928,0
P00929,0
P00930,0
P00931,0
P00932,0
P00933,0
P00934,1
P00935,0
P00936,1
P00937,1
P00938,0
P00939,1
P00940,1
P00941,0
P00942,0
P00943,0
P00944,1
P00945,0
P00946,0
P00947,0
P00948,1
P00949,0
P00950,0
P00951,0
P00952,0
P00953,1
P00954,1
P00955,0
P00956,0
P00957,1
P00958,0
P00959,0
P00960,0
P00961,0
P00962,0
P00963,0
P00964,0
P00965,0
P00966,0
P00967,0
P00968,0
P00969,0
P00970,1
P00971,0
P00972,1
P00973,0
P00974,0
P00975,1
P00976,0
P00977,1
P00978,1
P00979,0
P00980,0
P00981,0
P00982,1
P00983,0
P00984,1
P00985,0
P00986,1
P00987,1
P00988,0
P00989,1
P00990,1
P00991,0
P00992,1
P00993,0
P00994,0
P00995,0
P00996,1
P00997,0
P00998,1
P00999,0
P01000,1
P01001,1
P01002,0
P01003,0
P01004,0
P01005,0
P01006,0
P01007,0
P01008,0
P01009,0
P01010,1
P01011,1
P01012,0
P01013,0
P01014,0
P01015,0
P01016,0
P01017,1
P01018,0
P01019,0
P01020,1
P01021,1
P01022,1
P01023,1
P01024,0
P01025,0
P01026,1
P01027,0
P01028,0
P01029,0
P01030,1
P01031,0
P01032,1
P01033,1
P01034,0
P01035,1
P01036,1
P01037,1
P01038,0
P01039,1
P01040,1
P01041,0
P01042,0
P01043,0
P01044,0
P01045,0
P01046,0
P01047,0
P01048,0
P01049,0
P01050,1
P01051,0
P01052,1
P01053,1
P01054,0
P01055,1
P01056,0
P01057,0
P01058,1
P01059,0
P01060,1
P01061,1
P01062,1
P01063,1
P01064,0
P01065,0
P01066,0
P01067,0
P01068,0
P01069,0
P01070,1
P01071,1
P01072,0
P01073,0
P01074,1
P01075,0
P01076,1
P01077,0
P01078,0
P01079,0
P01080,0
P01081,0
P01082,0
P01083,0
P01084,0
P01085,1
P01086,1
P01087,0
P01088,0
P01089,0
P01090,1
P01091,0
P01092,1
P01093,0
P01094,1
P01095,0
P01096,0
P01097,1
P01098,0
P01099,1
P01100,0
P01101,0
P01102,0
P01103,0
P01104,1
P01105,0
P01106,1
P01107,0
P01108,0
P01109,0
P01110,0
P01111,0
P01112,1
P01113,0
P01114,0
P01115,0
P01116,1
P01117,0
P01118,1
P01119,1
P01120,0
P01121,0
P01122,0
P01123,0
P01124,0
P01125,0
P01126,0
P01127,1
P01128,0
P01129,1
P01130,1
P01131,0
P01132,0
P01133,1
P01134,0
P01135,0
P01136,0
P01137,0
P01138,0
P01139,0
P01140,1
P01141,0
P01142,0
P01143,0
P01144,0
P01145,1
P01146,1
P01147,0
P01148,1
P01149,0
P01150,1
P01151,0
P01152,1
P01153,0
P01154,0
P01155,0
P01156,1
P01157,0
P01158,1
P01159,1
P01160,0
P01161,1
P01162,0
P01163,0
P01164,0
P01165,1
P01166,0
P01167,1
P01168,0
P01169,0
P01170,1
P01171,1
P01172,0
P01173,0
P01174,0
P01175,0
P01176,0
P01177,0
P01178,1
P01179,0
P01180,1
P01181,1
P01182,1
P01183,0
P01184,1
P01185,1
P01186,0
P01187,1
P01188,0
P01189,0
P01190,1
P01191,1
P01192,1
P01193,0
P01194,1
P01195,0
P01196,0
P01197,0
P01198,1
P01199,0
P01200,0
P01201,0
P01202,1
P01203,1
P01204,0
P01205,1
P01206,0
P01207,1
P01208,0
P01209,1
P01210,1
P01211,0
P01212,0
P01213,1
P01214,1
P01215,1
P01216,0
P01217,0
P01218,0
P01219,1
P01220,0
P01221,0
P01222,1
P01223,1
P01224,1
P01225,0
P01226,0
P01227,0
P01228,0
P01229,0
P01230,1
P01231,0
P01232,1
P01233,0
P01234,0
P01235,0
P01236,1
P01237,1
P01238,1
P01239,0
P01240,1
P01241,0
P01242,0
P01243,0
P01244,1
P01245,0
P01246,1
P01247,0
P01248,0
P01249,1
P01250,0
P01251,1
P01252,1
P01253,1
P01254,1
P01255,0
P01256,0
P01257,0
P01258,0
P01259,1
P01260,0
P01261,0
P01262,0
P01263,0
P01264,1
P01265,0
P01266,0
P01267,0
P01268,0
P01269,0
P01270,1
P01271,0
P01272,0
P01273,1
P01274,1
P01275,0
P01276,1
P01277,1
P01278,0
P01279,1
P01280,0
P01281,0
P01282,1
P01283,1
P01284,1
P01285,0
P01286,1
P01287,0
P01288,0
P01289,0
P01290,1
P01291,1
P01292,0
P01293,0
P01294,1
P01295,0
P01296,1
P01297,0
P01298,1
P01299,0
P01300,0
P01301,0
P01302,1
P01303,0
P01304,0
P01305,0
P01306,0
P01307,0
P01308,1
P01309,0
P01310,1
P01311,0
P01312,0
P01313,0
P01314,0
P01315,0
P01316,0
P01317,1
P01318,0
P01319,0
P01320,1
P01321,1
P01322,0
P01323,1
P01324,1
P01325,1
P01326,0
P01327,0
P01328,0
P01329,1
P01330,1
P01331,0
P01332,0
P01333,1
P01334,0
P01335,0
P01336,0
P01337,1
P01338,0
P01339,1
P01340,0
P01341,1
P01342,0
P01343,0
P01344,0
P01345,1
P01346,1
P01347,0
P01348,0
P01349,0
P01350,1
P01351,0
P01352,1
P01353,0
P01354,0
P01355,0
P01356,0
P01357,0
P01358,0
P01359,0
P01360,1
P01361,0
P01362,1
P01363,0
P01364,0
P01365,0
P01366,0
P01367,0
P01368,1
P01369,1
P01370,0
P01371,1
P01372,0
P01373,1
P01374,0
P01375,1
P01376,0
P01377,0
P01378,1
P01379,1
P01380,0
P01381,1
P01382,0
P01383,1
P01384,0
P01385,0
P01386,0
P01387,0
P01388,0
P01389,1
P01390,0
P01391,1
P01392,1
P01393,0
P01394,0
P01395,0
P01396,0
P01397,1
P01398,0
P01399,0
P01400,0
P01401,0
P01402,0
P01403,0
P01404,1
P01405,0
P01406,0
P01407,0
P01408,0
P01409,0
P01410,0
P01411,0
P01412,1
P01413,1
P01414,1
P01415,0
P01416,0
P01417,0
P01418,0
P01419,1
P01420,0
P01421,0
P01422,0
P01423,0
P01424,0
P01425,0
P01426,0
P01427,0
P01428,1
P01429,0
P01430,0
P01431,0
P01432,0
P01433,0
P01434,0
P01435,0
P01436,0
P01437,1
P01438,1
P01439,0
P01440,1
P01441,0
P01442,0
P01443,1
P01444,0
P01445,0
P01446,0
P01447,1
P01448,0
P01449,0
P01450,0
P01451,1
P01452,0
P01453,1
P01454,0
P01455,0
P01456,0
P01457,0
P01458,0
P01459,1
P01460,1
P01461,1
P01462,0
P01463,0
P01464,1
P01465,1
P01466,1
P01467,0
P01468,0
P01469,0
P01470,0
P01471,0
P01472,0
P01473,1
P01474,0
P01475,0
P01476,0
P01477,0
P01478,1
P01479,1
P01480,1
P01481,1
P01482,0
P01483,0
P01484,0
P01485,0
P01486,0
P01487,1
P01488,0
P01489,0
P01490,0
P01491,0
P01492,0
P01493,0
P01494,0
P01495,1
P01496,0
P01497,0
P01498,0
P01499,0
P01500,1
P01501,1
P01502,0
P01503,0
P01504,0
P01505,0
P01506,0
P01507,0
P01508,1
P01509,1
P01510,0
P01511,0
P01512,1
P01513,0
P01514,1
P01515,0
P01516,0
P01517,1
P01518,0
P01519,1
P01520,0
P01521,1
P01522,0
P01523,1
P01524,1
P01525,0
P01526,0
P01527,0
P01528,0
P01529,0
P01530,1
P01531,0
P01532,0
P01533,1
P01534,0
P01535,0
P01536,1
P01537,1
P01538,0
P01539,1
P01540,0
P01541,1
P01542,0
P01543,0
P01544,0
P01545,1
P01546,0
P01547,0
P01548,0
P01549,1
P01550,0
P01551,0
P01552,0
P01553,0
P01554,0
P01555,0
P01556,1
P01557,0
P01558,1
P01559,0
P01560,0
P01561,0
P01562,1
P01563,1
P01564,0
P01565,0
P01566,0
P01567,0
P01568,1
P01569,1
P01570,0
P01571,1
P01572,0
P01573,0
P01574,0
P01575,1
P01576,1
P01577,1
P01578,0
P01579,0
P01580,0
P01581,0
P01582,0
P01583,0
P01584,1
P01585,0
P01586,1
P01587,1
P01588,0
P01589,0
P01590,0
P01591,0
P01592,1
P01593,0
P01594,0
P01595,0
P01596,0
P01597,0
P01598,0
P01599,0
P01600,0
P01601,0
P01602,0
P01603,0
P01604,0
P01605,0
P01606,0
P01607,0
P01608,0
P01609,1
P01610,0
P01611,1
P01612,0
P01613,1
P01614,1
P01615,0
P01616,0
P01617,0
P01618,0
P01619,1
P01620,0
P01621,1
P01622,1
P01623,0
P01624,0
P01625,0
P01626,0
P01627,0
P01628,0
P01629,1
P01630,1
P01631,0
P01632,0
P01633,1
P01634,0
P01635,0
P01636,0
P01637,0
P01638,0
P01639,0
P01640,0
P01641,0
P01642,1
P01643,1
P01644,0
P01645,0
P01646,0
P01647,0
P01648,0
P01649,0
P01650,0
P01651,1
P01652,0
P01653,0
P01654,0
P01655,0
P01656,0
P01657,1
P01658,0
P01659,1
P01660,1
P01661,0
P01662,0
P01663,0
P01664,0
P01665,0
P01666,0
P01667,0
P01668,0
P01669,0
P01670,0
P01671,0
P01672,1
P01673,1
P01674,0
P01675,0
P01676,0
P01677,0
P01678,1
P01679,1
P01680,0
P01681,1
P01682,0
P01683,0
P01684,1
P01685,0
P01686,0
P01687,0
P01688,0
P01689,0
P01690,1
P01691,1
P01692,0
P01693,1
P01694,0
P01695,1
P01696,1
P01697,1
P01698,0
P01699,1
P01700,0
P01701,0
P01702,0
P01703,1
P01704,0
P01705,0
P01706,1
P01707,1
P01708,0
P01709,1
P01710,0
P01711,1
P01712,1
P01713,0
P01714,1
P01715,1
P01716,0
P01717,0
P01718,0
P01719,0
P01720,1
P01721,0
P01722,1
P01723,1
P01724,0
P01725,1
P01726,0
P01727,0
P01728,0
P01729,0
P01730,0
P01731,0
P01732,0
P01733,1
P01734,1
P01735,1
P01736,0
P01737,0
P01738,1
P01739,0
P01740,0
P01741,0
P01742,0
P01743,0
P01744,1
P01745,1
P01746,0
P01747,0
P01748,0
P01749,1
P01750,1
P01751,1
P01752,0
P01753,0
P01754,0
P01755,1
P01756,0
P01757,0
P01758,1
P01759,0
P01760,1
P01761,1
P01762,0
P01763,0
P01764,1
P01765,0
P01766,0
P01767,1
P01768,0
P01769,0
P01770,0
P01771,1
P01772,0
P01773,0
P01774,0
P01775,0
P01776,1
P01777,0
P01778,0
P01779,0
P01780,0
P01781,0
P01782,0
P01783,0
P01784,1
P01785,0
P01786,0
P01787,0
P01788,1
P01789,1
P01790,0
P01791,0
P01792,1
P01793,0
P01794,0
P01795,0
P01796,0
P01797,0
P01798,0
P01799,0
P01800,1
P01801,0
P01802,1
P01803,0
P01804,1
P01805,0
P01806,0
P01807,0
P01808,1
P01809,0
P01810,1
P01811,0
P01812,1
P01813,1
P01814,0
P01815,0
P01816,1
P01817,1
P01818,0
P01819,0
P01820,0
P01821,0
P01822,1
P01823,1
P01824,0
P01825,0
P01826,0
P01827,0
P01828,0
P01829,0
P01830,0
P01831,1
P01832,1
P01833,0
P01834,0
P01835,0
P01836,0
P01837,0
P01838,0
P01839,0
P01840,1
P01841,1
P01842,1
P01843,1
P01844,0
P01845,0
P01846,0
P01847,0
P01848,0
P01849,0
P01850,1
P01851,1
P01852,0
P01853,1
P01854,0
P01855,1
P01856,1
P01857,1
P01858,1
P01859,0
P01860,1
P01861,1
P01862,1
P01863,0
P01864,0
P01865,1
P01866,0
P01867,1
P01868,1
P01869,0
P01870,0
P01871,0
P01872,0
P01873,1
P01874,0
P01875,0
P01876,0
P01877,0
P01878,0
P01879,1
P01880,1
P01881,0
P01882,0
P01883,0
P01884,1
P01885,0
P01886,0
P01887,0
P01888,1
P01889,0
P01890,1
P01891,1
P01892,0
P01893,1
P01894,0
P01895,1
P01896,0
P01897,1
P01898,1
P01899,0
P01900,0
P01901,0
P01902,0
P01903,1
P01904,1
P01905,1
P01906,1
P01907,0
P01908,0
P01909,0
P01910,0
P01911,1
P01912,0
P01913,0
P01914,1
P01915,0
P01916,0
P01917,0
P01918,0
P01919,1
P01920,1
P01921,0
P01922,1
P01923,1
P01924,1
P01925,0
P01926,0
P01927,0
P01928,0
P01929,0
P01930,0
P01931,0
P01932,0
P01933,0
P01934,0
P01935,1
P01936,0
P01937,0
P01938,0
P01939,0
P01940,1
P01941,1
P01942,1
P01943,0
P01944,0
P01945,0
P01946,0
P01947,1
P01948,0
P01949,1
P01950,0
P01951,1
P01952,0
P01953,1
P01954,0
P01955,0
P01956,0
P01957,0
P01958,0
P01959,1
P01960,1
P01961,0
P01962,1
P01963,0
P01964,0
P01965,1
P01966,0
P01967,1
P01968,0
P01969,1
P01970,0
P01971,1
P01972,0
P01973,1
P01974,0
P01975,0
P01976,0
P01977,0
P01978,0
P01979,0
P01980,1
P01981,1
P01982,0
P01983,0
P01984,0
P01985,1
P01986,1
P01987,1
P01988,1
P01989,1
P01990,0
P01991,0
P01992,1
P01993,0
P01994,0
P01995,1
P01996,0
P01997,0
P01998,1
P01999,0
P02000,0
P02001,0
P02002,0
P02003,0
P02004,0
P02005,1
P02006,0
P02007,0
P02008,0
P02009,0
P02010,0
P02011,0
P02012,0
P02013,0
P02014,0
P02015,0
P02016,0
P02017,1
P02018,0
P02019,0
P02020,0
P02021,0
P02022,0
P02023,1
P02024,0
P02025,0
P02026,0
P02027,0
P02028,1
P02029,1
P02030,1
P02031,1
P02032,0
P02033,1
P02034,1
P02035,1
P02036,1
P02037,0
P02038,0
P02039,0
P02040,1
P02041,1
P02042,0
P02043,0
P02044,1
P02045,0
P02046,0
P02047,0
P02048,1
P02049,0
P02050,0
P02051,0
P02052,0
P02053,1
P02054,0
P02055,0
P02056,1
P02057,1
P02058,0
P02059,0
P02060,0
P02061,0
P02062,0
P02063,0
P02064,0
P02065,0
P02066,0
P02067,0
P02068,0
P02069,1
P02070,1
P02071,0
P02072,0
P02073,0
P02074,0
P02075,1
P02076,0
P02077,0
P02078,1
P02079,1
P02080,1
P02081,0
P02082,0
P02083,0
P02084,0
P02085,0
P02086,1
P02087,1
P02088,1
P02089,1
P02090,0
P02091,0
P02092,0
P02093,0
P02094,0
P02095,1
P02096,1
P02097,1
P02098,1
P02099,1
P02100,1
P02101,1
P02102,0
P02103,0
P02104,0
P02105,1
P02106,0
P02107,1
P02108,1
P02109,0
P02110,1
P02111,0
P02112,0
P02113,1
P02114,0
P02115,1
P02116,0
P02117,0
P02118,0
P02119,0
P02120,0
P02121,1
P02122,1
P02123,0
P02124,0
P02125,0
P02126,0
P02127,1
P02128,1
P02129,1
P02130,0
P02131,0
P02132,1
P02133,0
P02134,0
P02135,1
P02136,1
P02137,0
P02138,1
P02139,1
P02140,0
P02141,0
P02142,1
P02143,0
P02144,0
P02145,0
P02146,1
P02147,1
P02148,1
P02149,1
P02150,0
P02151,0
P02152,1
P02153,1
P02154,0
P02155,0
P02156,0
P02157,1
P02158,1
P02159,0
P02160,1
P02161,0
P02162,0
P02163,0
P02164,1
P02165,0
P02166,0
P02167,0
P02168,1
P02169,0
P02170,0
P02171,0
P02172,1
P02173,1
P02174,1
P02175,1
P02176,0
P02177,0
P02178,0
P02179,0
P02180,1
P02181,0
P02182,0
P02183,1
P02184,1
P02185,1
P02186,0
P02187,1
P02188,1
P02189,1
P02190,1
P02191,1
P02192,1
P02193,1
P02194,1
P02195,1
P02196,1
P02197,0
P02198,1
P02199,0
P02200,1
P02201,0
P02202,0
P02203,1
P02204,0
P02205,0
P02206,0
P02207,0
P02208,0
P02209,0
P02210,1
P02211,0
P02212,0
P02213,0
P02214,0
P02215,1
P02216,0
P02217,0
P02218,0
P02219,1
P02220,1
P02221,1
P02222,1
P02223,1
P02224,1
P02225,1
P02226,0
P02227,1
P02228,0
P02229,0
P02230,0
P02231,0
P02232,0
P02233,0
P02234,1
P02235,0
P02236,0
P02237,1
P02238,1
P02239,0
P02240,0
P02241,1
P02242,0
P02243,1
P02244,0
P02245,0
P02246,1
P02247,1
P02248,0
P02249,1
P02250,1
P02251,0
P02252,0
P02253,0
P02254,0
P02255,1
P02256,0
P02257,0
P02258,0
P02259,0
P02260,0
P02261,0
P02262,1
P02263,1
P02264,0
P02265,0
P02266,0
P02267,1
P02268,0
P02269,0
P02270,0
P02271,0
P02272,0
P02273,0
P02274,1
P02275,1
P02276,0
P02277,0
P02278,1
P02279,1
P02280,0
P02281,0
P02282,0
P02283,0
P02284,1
P02285,1
P02286,0
P02287,1
P02288,1
P02289,0
P02290,0
P02291,0
P02292,0
P02293,1
P02294,0
P02295,0
P02296,0
P02297,1
P02298,0
P02299,1
P02300,0
P02301,1
P02302,1
P02303,1
P02304,1
P02305,0
P02306,0
P02307,0
P02308,1
P02309,0
P02310,1
P02311,0
P02312,0
P02313,1
P02314,1
P02315,0
P02316,1
P02317,0
P02318,0
P02319,1
P02320,0
P02321,0
P02322,0
P02323,1
P02324,1
P02325,0
P02326,0
P02327,0
P02328,0
P02329,0
P02330,1
P02331,0
P02332,0
P02333,0
P02334,0
P02335,0
P02336,1
P02337,0
P02338,0
P02339,1
P02340,0
P02341,1
P02342,0
P02343,0
P02344,0
P02345,0
P02346,0
P02347,0
P02348,0
P02349,0
P02350,0
P02351,0
P02352,1
P02353,0
P02354,1
P02355,1
P02356,1
P02357,1
P02358,1
P02359,1
P02360,1
P02361,0
P02362,0
P02363,1
P02364,0
P02365,1
P02366,1
P02367,0
P02368,0
P02369,1
P02370,0
P02371,0
P02372,0
P02373,0
P02374,1
P02375,0
P02376,0
P02377,1
P02378,0
P02379,1
P02380,0
P02381,0
P02382,0
P02383,0
P02384,1
P02385,0
P02386,0
P02387,1
P02388,1
P02389,1
P02390,0
P02391,0
P02392,0
P02393,0
P02394,0
P02395,1
P02396,0
P02397,0
P02398,1
P02399,0
P02400,0
P02401,0
P02402,0
P02403,0
P02404,1
P02405,0
P02406,0
P02407,0
P02408,1
P02409,0
P02410,0
P02411,1
P02412,0
P02413,0
P02414,0
P02415,0
P02416,0
P02417,1
P02418,0
P02419,0
P02420,0
P02421,0
P02422,1
P02423,1
P02424,0
P02425,0
P02426,0
P02427,1
P02428,0
P02429,1
P02430,1
P02431,0
P02432,0
P02433,0
P02434,1
P02435,0
P02436,1
P02437,0
P02438,1
P02439,0
P02440,0
P02441,0
P02442,1
P02443,0
P02444,1
P02445,1
P02446,0
P02447,0
P02448,0
P02449,1
P02450,1
P02451,1
P02452,0
P02453,0
P02454,0
P02455,0
P02456,1
P02457,1
P02458,0
P02459,0
P02460,1
P02461,0
P02462,0
P02463,0
P02464,1
P02465,0
P02466,0
P02467,0
P02468,0
P02469,0
P02470,0
P02471,0
P02472,0
P02473,1
P02474,0
P02475,0
P02476,1
P02477,0
P02478,1
P02479,0
P02480,1
P02481,0
P02482,0
P02483,1
P02484,0
P02485,0
P02486,0
P02487,0
P02488,0
P02489,0
P02490,1
P02491,1
P02492,0
P02493,1
P02494,0
P02495,0
P02496,0
P02497,0
P02498,1
P02499,0
P02500,0
P02501,0
P02502,0
P02503,0
P02504,0
P02505,0
P02506,1
P02507,1
P02508,0
P02509,0
P02510,0
P02511,1
P02512,0
P02513,0
P02514,1
P02515,0
P02516,0
P02517,0
P02518,0
P02519,1
P02520,0
P02521,0
P02522,1
P02523,0
P02524,0
P02525,1
P02526,0
P02527,1
P02528,0
P02529,0
P02530,1
P02531,1
P02532,0
P02533,0
P02534,1
P02535,1
P02536,0
P02537,1
P02538,1
P02539,1
P02540,0
P02541,0
P02542,0
P02543,0
P02544,0
P02545,0
P02546,1
P02547,0
P02548,1
P02549,0
P02550,1
P02551,1
P02552,1
P02553,0
P02554,0
P02555,0
P02556,0
P02557,1
P02558,0
P02559,0
P02560,1
P02561,0
P02562,0
P02563,1
P02564,0
P02565,0
P02566,0
P02567,0
P02568,0
P02569,0
P02570,1
P02571,1
P02572,0
P02573,0
P02574,1
P02575,1
P02576,1
P02577,1
P02578,0
P02579,0
P02580,0
P02581,0
P02582,1
P02583,1
P02584,0
P02585,0
P02586,0
P02587,0
P02588,0
P02589,0
P02590,1
P02591,1
P02592,0
P02593,0
P02594,0
P02595,0
P02596,0
P02597,0
P02598,0
P02599,1
P02600,0
P02601,0
P02602,0
P02603,0
P02604,1
P02605,0
P02606,1
P02607,0
P02608,1
P02609,1
P02610,1
P02611,0
P02612,0
P02613,0
P02614,1
P02615,0
P02616,1
P02617,1
P02618,0
P02619,1
P02620,0
P02621,0
P02622,1
P02623,0
P02624,0
P02625,0
P02626,1
P02627,0
P02628,0
P02629,1
P02630,0
P02631,0
P02632,0
P02633,1
P02634,0
P02635,0
P02636,1
P02637,0
P02638,0
P02639,0
P02640,0
P02641,1
P02642,1
P02643,0
P02644,0
P02645,1
P02646,0
P02647,1
P02648,1
P02649,0
P02650,0
P02651,0
P02652,0
P02653,1
P02654,0
P02655,0
P02656,1
P02657,1
P02658,1
P02659,0
P02660,1
P02661,1
P02662,0
P02663,1
P02664,1
P02665,0
P02666,0
P02667,1
P02668,1
P02669,1
P02670,0
P02671,1
P02672,0
P02673,0
P02674,0
P02675,0
P02676,1
P02677,1
P02678,1
P02679,0
P02680,0
P02681,1
P02682,0
P02683,1
P02684,1
P02685,0
P02686,1
P02687,0
P02688,0
P02689,0
P02690,1
P02691,1
P02692,1
P02693,0
P02694,1
P02695,0
P02696,1
P02697,0
P02698,0
P02699,0
P02700,0
P02701,1
P02702,0
P02703,0
P02704,1
P02705,0
P02706,1
P02707,1
P02708,0
P02709,0
P02710,0
P02711,0
P02712,1
P02713,0
P02714,0
P02715,0
P02716,0
P02717,0
P02718,0
P02719,0
P02720,1
P02721,0
P02722,0
P02723,0
P02724,0
P02725,0
P02726,0
P02727,1
P02728,1
P02729,0
P02730,0
P02731,1
P02732,0
P02733,1
P02734,1
P02735,0
P02736,0
P02737,1
P02738,0
P02739,0
P02740,0
P02741,0
P02742,0
P02743,1
P02744,1
P02745,0
P02746,1
P02747,0
P02748,0
P02749,1
P02750,0
P02751,0
P02752,0
P02753,0
P02754,1
P02755,1
P02756,0
P02757,0
P02758,0
P02759,1
P02760,1
P02761,0
P02762,1
P02763,1
P02764,1
P02765,0
P02766,0
P02767,0
P02768,1
P02769,0
P02770,1
P02771,0
P02772,0
P02773,0
P02774,1
P02775,1
P02776,1
P02777,1
P02778,0
P02779,1
P02780,1
P02781,0
P02782,1
P02783,0
P02784,1
P02785,0
P02786,1
P02787,1
P02788,1
P02789,0
P02790,0
P02791,0
P02792,0
P02793,1
P02794,0
P02795,1
P02796,0
P02797,1
P02798,1
P02799,1
P02800,1
P02801,0
P02802,0
P02803,0
P02804,0
P02805,0
P02806,0
P02807,0
P02808,0
P02809,1
P02810,0
P02811,0
P02812,0
P02813,1
P02814,1
P02815,0
P02816,1
P02817,0
P02818,0
P02819,1
P02820,0
P02821,0
P02822,0
P02823,0
P02824,0
P02825,1
P02826,0
P02827,0
P02828,0
P02829,0
P02830,1
P02831,0
P02832,0
P02833,1
P02834,0
P02835,1
P02836,0
P02837,1
P02838,1
P02839,0
P02840,0
P02841,0
P02842,1
P02843,1
P02844,0
P02845,0
P02846,0
P02847,1
P02848,1
P02849,0
P02850,0
P02851,1
P02852,1
P02853,1
P02854,0
P02855,0
P02856,1
P02857,0
P02858,0
P02859,0
P02860,1
P02861,0
P02862,1
P02863,0
P02864,0
P02865,1
P02866,0
P02867,0
P02868,0
P02869,0
P02870,1
P02871,0
P02872,1
P02873,1
P02874,1
P02875,1
P02876,0
P02877,0
P02878,0
P02879,1
P02880,1
P02881,1
P02882,0
P02883,1
P02884,0
P02885,0
P02886,0
P02887,1
P02888,0
P02889,0
P02890,0
P02891,1
P02892,0
P02893,0
P02894,0
P02895,1
P02896,0
P02897,0
P02898,0
P02899,0
P02900,0
P02901,0
P02902,1
P02903,0
P02904,0
P02905,0
P02906,0
P02907,1
P02908,1
P02909,0
P02910,1
P02911,0
P02912,0
P02913,0
P02914,1
P02915,1
P02916,0
P02917,0
P02918,0
P02919,0
P02920,1
P02921,0
P02922,1
P02923,1
P02924,0
P02925,0
P02926,0
P02927,0
P02928,0
P02929,0
P02930,0
P02931,1
P02932,0
P02933,0
P02934,0
P02935,0
P02936,0
P02937,0
P02938,0
P02939,0
P02940,0
P02941,0
P02942,1
P02943,1
P02944,0
P02945,0
P02946,1
P02947,1
P02948,0
P02949,0
P02950,1
P02951,1
P02952,0
P02953,1
P02954,1
P02955,0
P02956,1
P02957,1
P02958,1
P02959,0
P02960,0
P02961,1
P02962,0
P02963,0
P02964,0
P02965,1
P02966,0
P02967,1
P02968,0
P02969,1
P02970,0
P02971,1
P02972,0
P02973,0
P02974,1
P02975,1
P02976,0
P02977,1
P02978,0
P02979,0
P02980,1
P02981,0
P02982,1
P02983,0
P02984,0
P02985,1
P02986,1
P02987,0
P02988,0
P02989,0
P02990,1
P02991,0
P02992,0
P02993,0
P02994,0
P02995,0
P02996,0
P02997,0
P02998,0
P02999,0
P03000,1
P03001,1
P03002,1
P03003,0
P03004,0
P03005,1
P03006,0
P03007,0
P03008,0
P03009,0
P03010,1
P03011,1
P03012,1
P03013,1
P03014,0
P03015,1
P03016,0
P03017,1
P03018,0
P03019,0
P03020,0
P03021,0
P03022,0
P03023,0
P03024,0
P03025,0
P03026,0
P03027,1
P03028,0
P03029,0
P03030,0
P03031,0
P03032,1
P03033,0
P03034,1
P03035,0
P03036,1
P03037,0
P03038,0
P03039,0
P03040,0
P03041,0
P03042,0
P03043,0
P03044,1
P03045,1
P03046,0
P03047,1
P03048,1
P03049,0
P03050,0
P03051,0
P03052,1
P03053,0
P03054,1
P03055,0
P03056,0
P03057,0
P03058,1
P03059,0
P03060,1
P03061,0
P03062,0
P03063,0
P03064,1
P03065,0
P03066,0
P03067,0
P03068,1
P03069,0
P03070,0
P03071,0
P03072,1
P03073,1
P03074,0
P03075,1
P03076,0
P03077,1
P03078,0
P03079,0
P03080,0
P03081,1
P03082,1
P03083,1
P03084,0
P03085,1
P03086,0
P03087,0
P03088,0
P03089,1
P03090,0
P03091,0
P03092,0
P03093,0
P03094,1
P03095,1
P03096,1
P03097,0
P03098,0
P03099,1
P03100,0
P03101,0
P03102,1
P03103,0
P03104,1
P03105,1
P03106,0
P03107,1
P03108,0
P03109,1
P03110,0
P03111,0
P03112,0
P03113,1
P03114,0
P03115,0
P03116,0
P03117,1
P03118,0
P03119,1
P03120,0
P03121,0
P03122,1
P03123,1
P03124,0
P03125,0
P03126,0
P03127,1
P03128,0
P03129,0
P03130,0
P03131,0
P03132,0
P03133,0
P03134,1
P03135,1
P03136,0
P03137,0
P03138,0
P03139,0
P03140,1
P03141,1
P03142,1
P03143,0
P03144,1
P03145,0
P03146,1
P03147,1
P03148,0
P03149,1
P03150,0
P03151,1
P03152,1
P03153,1
P03154,1
P03155,1
P03156,0
P03157,0
P03158,1
P03159,0
P03160,0
P03161,1
P03162,0
P03163,0
P03164,1
P03165,0
P03166,1
P03167,0
P03168,1
P03169,0
P03170,0
P03171,0
P03172,0
P03173,0
P03174,1
P03175,1
P03176,0
P03177,0
P03178,1
P03179,1
P03180,0
P03181,0
P03182,1
P03183,0
P03184,0
P03185,0
P03186,1
P03187,0
P03188,1
P03189,0
P03190,0
P03191,1
P03192,0
P03193,0
P03194,0
P03195,1
P03196,0
P03197,0
P03198,0
P03199,1
P03200,0
P03201,1
P03202,1
P03203,1
P03204,0
P03205,0
P03206,0
P03207,0
P03208,1
P03209,0
P03210,1
P03211,1
P03212,0
P03213,1
P03214,0
P03215,0
P03216,0
P03217,0
P03218,0
P03219,0
P03220,1
P03221,1
P03222,0
P03223,0
P03224,0
P03225,0
P03226,0
P03227,1
P03228,0
P03229,1
P03230,0
P03231,1
P03232,0
P03233,1
P03234,0
P03235,1
P03236,1
P03237,1
P03238,0
P03239,1
P03240,0
P03241,1
P03242,0
P03243,0
P03244,1
P03245,1
P03246,0
P03247,0
P03248,0
P03249,1
P03250,0
P03251,0
P03252,0
P03253,1
P03254,0
P03255,0
P03256,1
P03257,0
P03258,0
P03259,1
P03260,1
P03261,0
P03262,1
P03263,1
P03264,0
P03265,1
P03266,1
P03267,0
P03268,0
P03269,0
P03270,0
P03271,0
P03272,1
P03273,0
P03274,0
P03275,1
P03276,1
P03277,0
P03278,0
P03279,0
P03280,0
P03281,1
P03282,0
P03283,1
P03284,0
P03285,0
P03286,0
P03287,0
P03288,0
P03289,1
P03290,0
P03291,0
P03292,0
P03293,0
P03294,0
P03295,1
P03296,0
P03297,0
P03298,0
P03299,0
P03300,0
P03301,0
P03302,1
P03303,1
P03304,1
P03305,1
P03306,0
P03307,0
P03308,0
P03309,1
P03310,1
P03311,0
P03312,1
P03313,0
P03314,1
P03315,0
P03316,0
P03317,0
P03318,0
P03319,1
P03320,0
P03321,1
P03322,1
P03323,0
P03324,1
P03325,0
P03326,0
P03327,0
P03328,0
P03329,0
P03330,0
P03331,0
P03332,0
P03333,0
P03334,1
P03335,0
P03336,1
P03337,0
P03338,1
P03339,1
P03340,0
P03341,0
P03342,0
P03343,0
P03344,0
P03345,0
P03346,1
P03347,1
P03348,1
P03349,0
P03350,0
P03351,0
P03352,0
P03353,0
P03354,0
P03355,0
P03356,1
P03357,1
P03358,0
P03359,1
P03360,0
P03361,1
P03362,1
P03363,1
P03364,0
P03365,0
P03366,0
P03367,0
P03368,0
P03369,1
P03370,0
P03371,0
P03372,0
P03373,0
P03374,0
P03375,1
P03376,1
P03377,0
P03378,1
P03379,1
P03380,1
P03381,0
P03382,0
P03383,0
P03384,0
P03385,0
P03386,1
P03387,0
P03388,0
P03389,0
P03390,0
P03391,1
P03392,0
P03393,0
P03394,1
P03395,0
P03396,0
P03397,0
P03398,1
P03399,1
P03400,1
P03401,0
P03402,1
P03403,0
P03404,0
P03405,0
P03406,1
P03407,1
P03408,0
P03409,0
P03410,0
P03411,1
P03412,1
P03413,1
P03414,0
P03415,1
P03416,0
P03417,0
P03418,0
P03419,1
P03420,1
P03421,1
P03422,0
P03423,0
P03424,0
P03425,0
P03426,0
P03427,0
P03428,0
P03429,0
P03430,0
P03431,1
P03432,0
P03433,0
P03434,0
P03435,1
P03436,1
P03437,0
P03438,0
P03439,0
P03440,0
P03441,0
P03442,1
P03443,0
P03444,1
P03445,0
P03446,0
P03447,0
P03448,0
P03449,1
P03450,1
P03451,1
P03452,0
P03453,0
P03454,0
P03455,0
P03456,1
P03457,0
P03458,0
P03459,1
P03460,0
P03461,0
P03462,1
P03463,0
P03464,0
P03465,0
P03466,0
P03467,0
P03468,0
P03469,0
P03470,1
P03471,0
P03472,0
P03473,0
P03474,1
P03475,0
P03476,0
P03477,0
P03478,0
P03479,0
P03480,0
P03481,0
P03482,1
P03483,1
P03484,1
P03485,0
P03486,0
P03487,0
P03488,1
P03489,0
P03490,0
P03491,0
P03492,1
P03493,1
P03494,1
P03495,1
P03496,0
P03497,0
P03498,1
P03499,0
P03500,0
P03501,1
P03502,1
P03503,1
P03504,0
P03505,0
P03506,0
P03507,0
P03508,1
P03509,0
P03510,0
P03511,0
P03512,0
P03513,0
P03514,1
P03515,1
P03516,0
P03517,0
P03518,0
P03519,0
P03520,0
P03521,0
P03522,0
P03523,1
P03524,1
P03525,0
P03526,0
P03527,0
P03528,0
P03529,0
P03530,1
P03531,0
P03532,1
P03533,1
P03534,0
P03535,0
P03536,0
P03537,0
P03538,1
P03539,0
P03540,0
P03541,1
P03542,1
P03543,0
P03544,0
P03545,0
P03546,0
P03547,0
P03548,0
P03549,0
P03550,0
P03551,0
P03552,1
P03553,0
P03554,0
P03555,1
P03556,1
P03557,1
P03558,0
P03559,0
P03560,0
P03561,0
P03562,0
P03563,1
P03564,1
P03565,0
P03566,0
P03567,1
P03568,0
P03569,1
P03570,1
P03571,0
P03572,0
P03573,0
P03574,0
P03575,1
P03576,0
P03577,0
P03578,1
P03579,0
P03580,0
P03581,0
P03582,0
P03583,0
P03584,0
P03585,0
P03586,1
P03587,1
P03588,0
P03589,1
P03590,0
P03591,1
P03592,1
P03593,1
P03594,0
P03595,1
P03596,0
P03597,0
P03598,0
P03599,0
P03600,0
P03601,0
P03602,0
P03603,0
P03604,0
P03605,0
P03606,1
P03607,0
P03608,0
P03609,0
P03610,1
P03611,0
P03612,0
P03613,1
P03614,0
P03615,0
P03616,0
P03617,0
P03618,1
P03619,0
P03620,0
P03621,0
P03622,0
P03623,0
P03624,0
P03625,0
P03626,1
P03627,0
P03628,0
P03629,0
P03630,0
P03631,0
P03632,0
P03633,1
P03634,0
P03635,0
P03636,1
P03637,0
P03638,1
P03639,0
P03640,1
P03641,0
P03642,0
P03643,0
P03644,0
P03645,1
P03646,0
P03647,0
P03648,0
P03649,0
P03650,0
P03651,1
P03652,1
P03653,0
P03654,0
P03655,0
P03656,1
P03657,0
P03658,1
P03659,1
P03660,1
P03661,0
P03662,1
P03663,0
P03664,0
P03665,0
P03666,1
P03667,1
P03668,1
P03669,1
P03670,0
P03671,1
P03672,0
P03673,1
P03674,1
P03675,1
P03676,0
P03677,0
P03678,0
P03679,1
P03680,0
P03681,1
P03682,1
P03683,0
P03684,1
P03685,0
P03686,0
P03687,0
P03688,0
P03689,0
P03690,0
P03691,0
P03692,0
P03693,0
P03694,0
P03695,0
P03696,1
P03697,0
P03698,0
P03699,1
P03700,0
P03701,0
P03702,0
P03703,0
P03704,0
P03705,0
P03706,0
P03707,0
P03708,1
P03709,0
P03710,1
P03711,1
P03712,0
P03713,1
P03714,0
P03715,1
P03716,1
P03717,0
P03718,0
P03719,0
P03720,0
P03721,0
P03722,0
P03723,0
P03724,1
P03725,0
P03726,0
P03727,1
P03728,1
P03729,0
P03730,0
P03731,0
P03732,0
P03733,0
P03734,0
P03735,0
P03736,1
P03737,0
P03738,0
P03739,0
P03740,1
P03741,1
P03742,0
P03743,0
P03744,0
P03745,0
P03746,0
P03747,1
P03748,0
P03749,1
P03750,0
P03751,1
P03752,0
P03753,1
P03754,1
P03755,1
P03756,0
P03757,1
P03758,0
P03759,0
P03760,1
P03761,0
P03762,0
P03763,0
P03764,0
P03765,0
P03766,0
P03767,0
P03768,1
P03769,1
P03770,0
P03771,0
P03772,1
P03773,0
P03774,0
P03775,0
P03776,1
P03777,0
P03778,0
P03779,0
P03780,1
P03781,0
P03782,0
P03783,1
P03784,0
P03785,1
P03786,0
P03787,0
P03788,0
P03789,1
P03790,1
P03791,0
P03792,0
P03793,0
P03794,0
P03795,0
P03796,0
P03797,0
P03798,1
P03799,0
P03800,0
P03801,0
P03802,0
P03803,0
P03804,0
P03805,1
P03806,0
P03807,0
P03808,0
P03809,0
P03810,1
P03811,0
P03812,1
P03813,0
P03814,0
P03815,0
P03816,0
P03817,0
P03818,1
P03819,0
P03820,0
P03821,0
P03822,0
P03823,1
P03824,0
P03825,1
P03826,0
P03827,0
P03828,0
P03829,1
P03830,0
P03831,0
P03832,0
P03833,1
P03834,0
P03835,0
P03836,0
P03837,0
P03838,0
P03839,0
P03840,0
P03841,0
P03842,0
P03843,1
P03844,0
P03845,0
P03846,0
P03847,1
P03848,0
P03849,1
P03850,0
P03851,0
P03852,0
P03853,0
P03854,0
P03855,0
P03856,1
P03857,1
P03858,0
P03859,0
P03860,0
P03861,0
P03862,0
P03863,0
P03864,1
P03865,1
P03866,1
P03867,0
P03868,0
P03869,1
P03870,0
P03871,0
P03872,1
P03873,1
P03874,0
P03875,0
P03876,0
P03877,0
P03878,1
P03879,0
P03880,0
P03881,0
P03882,0
P03883,1
P03884,0
P03885,0
P03886,0
P03887,1
P03888,0
P03889,0
P03890,0
P03891,0
P03892,1
P03893,0
P03894,1
P03895,1
P03896,1
P03897,0
P03898,1
P03899,0
P03900,1
P03901,0
P03902,0
P03903,1
P03904,0
P03905,0
P03906,0
P03907,0
P03908,0
P03909,1
P03910,0
P03911,1
P03912,0
P03913,0
P03914,0
P03915,0
P03916,1
P03917,0
P03918,0
P03919,0
P03920,0
P03921,0
P03922,0
P03923,0
P03924,0
P03925,0
P03926,1
P03927,0
P03928,0
P03929,1
P03930,0
P03931,0
P03932,1
P03933,0
P03934,1
P03935,0
P03936,1
P03937,0
P03938,0
P03939,1
P03940,1
P03941,1
P03942,0
P03943,1
P03944,0
P03945,1
P03946,0
P03947,0
P03948,0
P03949,0
P03950,0
P03951,1
P03952,1
P03953,0
P03954,0
P03955,0
P03956,1
P03957,1
P03958,1
P03959,0
P03960,0
P03961,0
P03962,1
P03963,0
P03964,0
P03965,0
P03966,0
P03967,1
P03968,0
P03969,1
P03970,0
P03971,1
P03972,0
P03973,1
P03974,0
P03975,0
P03976,0
P03977,1
P03978,1
P03979,0
P03980,0
P03981,0
P03982,1
P03983,0
P03984,0
P03985,0
P03986,0
P03987,0
P03988,1
P03989,0
P03990,0
P03991,0
P03992,1
P03993,1
P03994,0
P03995,0
P03996,0
P03997,1
P03998,0
P03999,0
P04000,0
P04001,0
P04002,1
P04003,1
P04004,0
P04005,0
P04006,0
P04007,1
P04008,0
P04009,0
P04010,0
P04011,0
P04012,0
P04013,0
P04014,0
P04015,1
P04016,1
P04017,1
P04018,0
P04019,1
P04020,0
P04021,0
P04022,1
P04023,0
P04024,1
P04025,0
P04026,1
P04027,0
P04028,0
P04029,1
P04030,1
P04031,1
P04032,0
P04033,0
P04034,0
P04035,0
P04036,1
P04037,1
P04038,0
P04039,1
P04040,0
P04041,0
P04042,1
P04043,0
P04044,1
P04045,0
P04046,0
P04047,0
P04048,0
P04049,0
P04050,0
P04051,0
P04052,1
P04053,1
P04054,1
P04055,0
P04056,1
P04057,0
P04058,0
P04059,1
P04060,0
P04061,0
P04062,1
P04063,0
P04064,1
P04065,1
P04066,0
P04067,1
P04068,0
P04069,1
P04070,1
P04071,0
P04072,1
P04073,1
P04074,1
P04075,0
P04076,0
P04077,1
P04078,1
P04079,1
P04080,0
P04081,1
P04082,0
P04083,1
P04084,0
P04085,1
P04086,1
P04087,1
P04088,0
P04089,0
P04090,1
P04091,1
P04092,0
P04093,0
P04094,1
P04095,0
P04096,0
P04097,0
P04098,1
P04099,0
P04100,1
P04101,0
P04102,1
P04103,1
P04104,1
P04105,0
P04106,1
P04107,0
P04108,1
P04109,0
P04110,0
P04111,0
P04112,1
P04113,0
P04114,0
P04115,1
P04116,1
P04117,0
P04118,0
P04119,0
P04120,1
P04121,0
P04122,1
P04123,1
P04124,0
P04125,0
P04126,0
P04127,0
P04128,1
P04129,0
P04130,1
P04131,1
P04132,0
P04133,1
P04134,0
P04135,1
P04136,1
P04137,0
P04138,1
P04139,0
P04140,0
P04141,0
P04142,1
P04143,1
P04144,1
P04145,1
P04146,1
P04147,0
P04148,0
P04149,0
P04150,0
P04151,1
P04152,1
P04153,0
P04154,1
P04155,0
P04156,0
P04157,0
P04158,1
P04159,1
P04160,1
P04161,0
P04162,0
P04163,0
P04164,1
P04165,0
P04166,0
P04167,1
P04168,0
P04169,0
P04170,1
P04171,1
P04172,1
P04173,1
P04174,0
P04175,0
P04176,1
P04177,0
P04178,1
P04179,1
P04180,1
P04181,1
P04182,0
P04183,0
P04184,0
P04185,0
P04186,1
P04187,1
P04188,0
P04189,1
P04190,1
P04191,0
P04192,1
P04193,1
P04194,1
P04195,0
P04196,0
P04197,0
P04198,1
P04199,0
P04200,0
P04201,0
P04202,0
P04203,0
P04204,1
P04205,1
P04206,1
P04207,0
P04208,1
P04209,0
P04210,0
P04211,0
P04212,1
P04213,1
P04214,0
P04215,0
P04216,1
P04217,1
P04218,0
P04219,0
P04220,1
P04221,0
P04222,0
P04223,0
P04224,1
P04225,1
P04226,1
P04227,0
P04228,0
P04229,0
P04230,1
P04231,0
P04232,1
P04233,1
P04234,1
P04235,1
P04236,1
P04237,0
P04238,1
P04239,0
P04240,1
P04241,1
P04242,0
P04243,1
P04244,0
P04245,0
P04246,1
P04247,0
P04248,1
P04249,0
P04250,0
P04251,0
P04252,1
P04253,1
P04254,0
P04255,1
P04256,0
P04257,1
P04258,0
P04259,0
P04260,0
P04261,0
P04262,0
P04263,0
P04264,0
P04265,1
P04266,0
P04267,1
P04268,0
P04269,0
P04270,1
P04271,1
P04272,0
P04273,0
P04274,1
P04275,0
P04276,0
P04277,0
P04278,1
P04279,0
P04280,0
P04281,1
P04282,0
P04283,0
P04284,0
P04285,0
P04286,0
P04287,0
P04288,0
P04289,0
P04290,0
P04291,1
P04292,0
P04293,1
P04294,1
P04295,0
P04296,0
P04297,1
P04298,0
P04299,0
P04300,1
P04301,0
P04302,0
P04303,1
P04304,0
P04305,1
P04306,1
P04307,1
P04308,0
P04309,0
P04310,1
P04311,0
P04312,0
P04313,0
P04314,0
P04315,0
P04316,0
P04317,1
P04318,1
P04319,0
P04320,0
P04321,1
P04322,0
P04323,0
P04324,1
P04325,1
P04326,1
P04327,1
P04328,0
P04329,0
P04330,1
P04331,1
P04332,0
P04333,0
P04334,0
P04335,0
P04336,0
P04337,0
P04338,0
P04339,1
P04340,0
P04341,0
P04342,1
P04343,1
P04344,0
P04345,0
P04346,1
P04347,0
P04348,0
P04349,0
P04350,1
P04351,1
P04352,1
P04353,1
P04354,0
P04355,0
P04356,0
P04357,1
P04358,1
P04359,1
P04360,0
P04361,0
P04362,0
P04363,1
P04364,0
P04365,0
P04366,1
P04367,0
P04368,0
P04369,0
P04370,1
P04371,1
P04372,0
P04373,0
P04374,1
P04375,0
P04376,0
P04377,0
P04378,0
P04379,0
P04380,0
P04381,1
P04382,1
P04383,0
P04384,0
P04385,0
P04386,0
P04387,1
P04388,1
P04389,0
P04390,0
P04391,1
P04392,1
P04393,1
P04394,0
P04395,0
P04396,0
P04397,1
P04398,1
P04399,0
P04400,0
P04401,1
P04402,1
P04403,0
P04404,0
P04405,0
P04406,0
P04407,0
P04408,0
P04409,0
P04410,0
P04411,0
P04412,0
P04413,0
P04414,0
P04415,1
P04416,1
P04417,0
P04418,0
P04419,0
P04420,0
P04421,0
P04422,0
P04423,0
P04424,0
P04425,1
P04426,1
P04427,1
P04428,0
P04429,1
P04430,0
P04431,0
P04432,1
P04433,1
P04434,0
P04435,0
P04436,1
P04437,1
P04438,0
P04439,0
P04440,0
P04441,0
P04442,0
P04443,0
P04444,0
P04445,0
P04446,0
P04447,0
P04448,0
P04449,0
P04450,0
P04451,1
P04452,0
P04453,1
P04454,0
P04455,0
P04456,0
P04457,1
P04458,0
P04459,1
P04460,0
P04461,0
P04462,0
P04463,1
P04464,1
P04465,0
P04466,0
P04467,1
P04468,0
P04469,0
P04470,0
P04471,1
P04472,1
P04473,0
P04474,0
P04475,0
P04476,0
P04477,0
P04478,0
P04479,0
P04480,0
P04481,1
P04482,0
P04483,0
P04484,0
P04485,0
P04486,0
P04487,1
P04488,0
P04489,0
P04490,0
P04491,0
P04492,1
P04493,0
P04494,0
P04495,0
P04496,1
P04497,0
P04498,0
P04499,0
P04500,1
P04501,0
P04502,0
P04503,0
P04504,1
P04505,1
P04506,0
P04507,0
P04508,0
P04509,0
P04510,0
P04511,0
P04512,0
P04513,0
P04514,0
P04515,1
P04516,0
P04517,1
P04518,1
P04519,0
P04520,1
P04521,0
P04522,1
P04523,1
P04524,0
P04525,0
P04526,1
P04527,1
P04528,1
P04529,0
P04530,0
P04531,1
P04532,1
P04533,0
P04534,0
P04535,1
P04536,0
P04537,0
P04538,1
P04539,0
P04540,1
P04541,0
P04542,0
P04543,1
P04544,1
P04545,1
P04546,0
P04547,0
P04548,0
P04549,0
P04550,0
P04551,1
P04552,1
P04553,1
P04554,1
P04555,0
P04556,0
P04557,0
P04558,1
P04559,1
P04560,0
P04561,0
P04562,0
P04563,0
P04564,1
P04565,0
P04566,1
P04567,1
P04568,0
P04569,0
P04570,0
P04571,0
P04572,0
P04573,0
P04574,0
P04575,0
P04576,0
P04577,0
P04578,0
P04579,0
P04580,0
P04581,0
P04582,0
P04583,0
P04584,0
P04585,1
P04586,0
P04587,1
P04588,1
P04589,1
P04590,0
P04591,1
P04592,0
P04593,0
P04594,0
P04595,0
P04596,1
P04597,1
P04598,0
P04599,1
P04600,0
P04601,0
P04602,0
P04603,0
P04604,1
P04605,0
P04606,0
P04607,1
P04608,1
P04609,0
P04610,0
P04611,0
P04612,0
P04613,0
P04614,1
P04615,1
P04616,1
P04617,0
P04618,1
P04619,0
P04620,0
P04621,0
P04622,0
P04623,1
P04624,0
P04625,1
P04626,0
P04627,0
P04628,0
P04629,1
P04630,0
P04631,1
P04632,0
P04633,0
P04634,1
P04635,1
P04636,0
P04637,0
P04638,1
P04639,0
P04640,0
P04641,0
P04642,0
P04643,0
P04644,0
P04645,0
P04646,0
P04647,0
P04648,1
P04649,0
P04650,0
P04651,0
P04652,0
P04653,0
P04654,0
P04655,1
P04656,1
P04657,0
P04658,0
P04659,0
P04660,0
P04661,0
P04662,0
P04663,1
P04664,0
P04665,0
P04666,0
P04667,0
P04668,0
P04669,0
P04670,0
P04671,0
P04672,0
P04673,0
P04674,1
P04675,1
P04676,1
P04677,1
P04678,1
P04679,0
P04680,0
P04681,1
P04682,0
P04683,1
P04684,1
P04685,0
P04686,0
P04687,0
P04688,1
P04689,1
P04690,1
P04691,1
P04692,0
P04693,1
P04694,1
P04695,0
P04696,1
P04697,0
P04698,1
P04699,0
P04700,1
P04701,1
P04702,1
P04703,0
P04704,0
P04705,0
P04706,0
P04707,1
P04708,0
P04709,0
P04710,0
P04711,0
P04712,1
P04713,1
P04714,1
P04715,1
P04716,0
P04717,0
P04718,0
P04719,0
P04720,0
P04721,0
P04722,0
P04723,0
P04724,0
P04725,0
P04726,0
P04727,0
P04728,0
P04729,0
P04730,0
P04731,0
P04732,0
P04733,1
P04734,0
P04735,0
P04736,0
P04737,0
P04738,0
P04739,0
P04740,1
P04741,1
P04742,0
P04743,1
P04744,0
P04745,0
P04746,0
P04747,0
P04748,0
P04749,0
P04750,1
P04751,1
P04752,1
P04753,0
P04754,0
P04755,0
P04756,0
P04757,1
P04758,1
P04759,1
P04760,0
P04761,0
P04762,0
P04763,0
P04764,0
P04765,1
P04766,0
P04767,0
P04768,1
P04769,0
P04770,0
P04771,0
P04772,0
P04773,1
P04774,0
P04775,0
P04776,0
P04777,1
P04778,0
P04779,0
P04780,1
P04781,1
P04782,1
P04783,0
P04784,0
P04785,0
P04786,0
P04787,1
P04788,0
P04789,1
P04790,1
P04791,1
P04792,0
P04793,0
P04794,1
P04795,0
P04796,1
P04797,0
P04798,0
P04799,1
P04800,0
P04801,0
P04802,1
P04803,0
P04804,0
P04805,0
P04806,0
P04807,0
P04808,1
P04809,1
P04810,0
P04811,1
P04812,0
P04813,1
P04814,0
P04815,0
P04816,0
P04817,0
P04818,0
P04819,1
P04820,1
P04821,1
P04822,0
P04823,0
P04824,1
P04825,0
P04826,1
P04827,0
P04828,0
P04829,0
P04830,0
P04831,0
P04832,1
P04833,0
P04834,1
P04835,1
P04836,1
P04837,1
P04838,1
P04839,0
P04840,1
P04841,0
P04842,0
P04843,0
P04844,1
P04845,0
P04846,1
P04847,0
P04848,1
P04849,1
P04850,0
P04851,1
P04852,1
P04853,1
P04854,1
P04855,0
P04856,1
P04857,1
P04858,0
P04859,1
P04860,0
P04861,0
P04862,1
P04863,0
P04864,1
P04865,1
P04866,0
P04867,1
P04868,0
P04869,0
P04870,0
P04871,0
P04872,1
P04873,0
P04874,1
P04875,0
P04876,0
P04877,0
P04878,0
P04879,1
P04880,0
P04881,0
P04882,0
P04883,0
P04884,0
P04885,0
P04886,1
P04887,0
P04888,0
P04889,1
P04890,0
P04891,1
P04892,0
P04893,0
P04894,0
P04895,1
P04896,0
P04897,1
P04898,0
P04899,0
P04900,0
P04901,0
P04902,0
P04903,0
P04904,0
P04905,0
P04906,0
P04907,1
P04908,1
P04909,0
P04910,0
P04911,0
P04912,1
P04913,0
P04914,0
P04915,1
P04916,0
P04917,0
P04918,0
P04919,0
P04920,1
P04921,1
P04922,0
P04923,1
P04924,1
P04925,0
P04926,1
P04927,1
P04928,0
P04929,1
P04930,0
P04931,1
P04932,1
P04933,1
P04934,0
P04935,0
P04936,1
P04937,1
P04938,0
P04939,1
P04940,0
P04941,0
P04942,0
P04943,0
P04944,0
P04945,0
P04946,0
P04947,0
P04948,0
P04949,1
P04950,0
P04951,1
P04952,1
P04953,0
P04954,1
P04955,0
P04956,0
P04957,1
P04958,0
P04959,0
P04960,1
P04961,1
P04962,0
P04963,0
P04964,0
P04965,0
P04966,0
P04967,0
P04968,0
P04969,0
P04970,0
P04971,0
P04972,1
P04973,1
P04974,0
P04975,0
P04976,1
P04977,1
P04978,0
P04979,1
P04980,0
P04981,0
P04982,0
P04983,1
P04984,0
P04985,0
P04986,0
P04987,0
P04988,0
P04989,0
P04990,0
P04991,0
P04992,0
P04993,1
P04994,0
P04995,0
P04996,1
P04997,1
P04998,0
P04999,1
P05000,1
