student_id,likely_success
S00001,1
S00002,1
S00003,0
S00004,1
S00005,1
S00006,1
S00007,1
S00008,0
S00009,1
S00010,1
S00011,0
S00012,1
S00013,1
S00014,0
S00015,0
S00016,1
S00017,1
S00018,0
S00019,1
S00020,0
S00021,1
S00022,0
S00023,1
S00024,1
S00025,1
S00026,1
S00027,0
S00028,1
S00029,0
S00030,0
S00031,1
S00032,1
S00033,1
S00034,0
S00035,1
S00036,1
S00037,1
S00038,1
S00039,0
S00040,1
S00041,0
S00042,1
S00043,1
S00044,1
S00045,0
S00046,0
S00047,1
S00048,1
S00049,1
S00050,0
S00051,1
S00052,0
S00053,0
S00054,0
S00055,1
S00056,0
S00057,1
S00058,1
S00059,0
S00060,1
S00061,0
S00062,1
S00063,0
S00064,1
S00065,0
S00066,1
S00067,1
S00068,1
S00069,0
S00070,1
S00071,0
S00072,0
S00073,1
S00074,0
S00075,1
S00076,1
S00077,0
S00078,0
S00079,1
S00080,1
S00081,1
S00082,1
S00083,0
S00084,0
S00085,1
S00086,1
S00087,0
S00088,0
S00089,0
S00090,1
S00091,0
S00092,0
S00093,1
S00094,1
S00095,1
S00096,1
S00097,0
S00098,1
S00099,1
S00100,1
S00101,1
S00102,0
S00103,1
S00104,0
S00105,1
S00106,0
S00107,0
S00108,1
S00109,1
S00110,1
S00111,1
S00112,0
S00113,0
S00114,1
S00115,0
S00116,0
S00117,0
S00118,1
S00119,0
S00120,1
S00121,1
S00122,0
S00123,0
S00124,1
S00125,1
S00126,1
S00127,1
S00128,1
S00129,0
S00130,1
S00131,0
S00132,1
S00133,0
S00134,1
S00135,0
S00136,1
S00137,0
S00138,0
S00139,0
S00140,0
S00141,0
S00142,0
S00143,0
S00144,1
S00145,1
S00146,1
S00147,0
S00148,0
S00149,1
S00150,0
S00151,0
S00152,1
S00153,1
S00154,1
S00155,0
S00156,0
S00157,0
S00158,1
S00159,1
S00160,1
S00161,0
S00162,1
S00163,0
S00164,0
S00165,0
S00166,1
S00167,1
S00168,0
S00169,1
S00170,1
S00171,1
S00172,1
S00173,1
S00174,0
S00175,1
S00176,1
S00177,1
S00178,1
S00179,0
S00180,1
S00181,0
S00182,1
S00183,1
S00184,0
S00185,0
S00186,0
S00187,1
S00188,1
S00189,0
S00190,0
S00191,1
S00192,1
S00193,0
S00194,1
S00195,0
S00196,1
S00197,0
S00198,1
S00199,0
S00200,0
S00201,0
S00202,0
S00203,1
S00204,1
S00205,0
S00206,1
S00207,0
S00208,1
S00209,0
S00210,1
S00211,1
S00212,0
S00213,0
S00214,1
S00215,0
S00216,1
S00217,1
S00218,0
S00219,0
S00220,0
S00221,1
S00222,1
S00223,1
S00224,0
S00225,0
S00226,0
S00227,1
S00228,1
S00229,0
S00230,0
S00231,0
S00232,1
S00233,0
S00234,1
S00235,1
S00236,1
S00237,1
S00238,0
S00239,0
S00240,1
S00241,0
S00242,1
S00243,1
S00244,1
S00245,1
S00246,0
S00247,0
S00248,0
S00249,1
S00250,1
S00251,1
S00252,0
S00253,1
S00254,1
S00255,0
S00256,1
S00257,0
S00258,0
S00259,0
S00260,1
S00261,1
S00262,1
S00263,0
S00264,1
S00265,0
S00266,1
S00267,1
S00268,0
S00269,0
S00270,1
S00271,0
S00272,1
S00273,0
S00274,1
S00275,0
S00276,0
S00277,1
S00278,1
S00279,1
S00280,1
S00281,0
S00282,1
S00283,0
S00284,0
S00285,0
S00286,0
S00287,1
S00288,0
S00289,1
S00290,1
S00291,1
S00292,1
S00293,1
S00294,1
S00295,1
S00296,1
S00297,0
S00298,0
S00299,0
S00300,1
S00301,0
S00302,0
S00303,1
S00304,0
S00305,1
S00306,1
S00307,0
S00308,0
S00309,0
S00310,1
S00311,1
S00312,1
S00313,1
S00314,0
S00315,1
S00316,0
S00317,0
S00318,1
S00319,1
S00320,1
S00321,1
S00322,0
S00323,1
S00324,0
S00325,1
S00326,1
S00327,1
S00328,0
S00329,1
S00330,1
S00331,0
S00332,0
S00333,1
S00334,0
S00335,0
S00336,0
S00337,0
S00338,0
S00339,0
S00340,0
S00341,1
S00342,1
S00343,0
S00344,1
S00345,1
S00346,1
S00347,0
S00348,1
S00349,1
S00350,0
S00351,1
S00352,0
S00353,1
S00354,1
S00355,1
S00356,0
S00357,0
S00358,1
S00359,0
S00360,0
S00361,0
S00362,1
S00363,0
S00364,1
S00365,1
S00366,1
S00367,0
S00368,0
S00369,1
S00370,0
S00371,0
S00372,0
S00373,0
S00374,1
S00375,0
S00376,1
S00377,1
S00378,1
S00379,1
S00380,1
S00381,0
S00382,0
S00383,0
S00384,0
S00385,1
S00386,0
S00387,1
S00388,1
S00389,1
S00390,1
S00391,0
S00392,0
S00393,0
S00394,0
S00395,1
S00396,1
S00397,0
S00398,0
S00399,1
S00400,0
S00401,1
S00402,0
S00403,0
S00404,1
S00405,1
S00406,1
S00407,1
S00408,1
S00409,0
S00410,0
S00411,0
S00412,1
S00413,1
S00414,0
S00415,1
S00416,0
S00417,0
S00418,1
S00419,1
S00420,1
S00421,1
S00422,0
S00423,0
S00424,1
S00425,1
S00426,1
S00427,1
S00428,0
S00429,1
S00430,1
S00431,0
S00432,1
S00433,1
S00434,0
S00435,0
S00436,1
S00437,0
S00438,1
S00439,0
S00440,0
S00441,0
S00442,1
S00443,1
S00444,1
S00445,1
S00446,1
S00447,0
S00448,1
S00449,0
S00450,1
S00451,1
S00452,0
S00453,0
S00454,1
S00455,0
S00456,1
S00457,1
S00458,0
S00459,0
S00460,0
S00461,1
S00462,0
S00463,1
S00464,1
S00465,0
S00466,1
S00467,0
S00468,0
S00469,1
S00470,0
S00471,1
S00472,1
S00473,0
S00474,0
S00475,0
S00476,1
S00477,0
S00478,0
S00479,0
S00480,1
S00481,1
S00482,1
S00483,1
S00484,1
S00485,1
S00486,1
S00487,1
S00488,1
S00489,0
S00490,0
S00491,1
S00492,0
S00493,0
S00494,0
S00495,0
S00496,0
S00497,1
S00498,0
S00499,1
S00500,1
S00501,0
S00502,1
S00503,1
S00504,1
S00505,0
S00506,0
S00507,1
S00508,1
S00509,1
S00510,0
S00511,1
S00512,1
S00513,1
S00514,0
S00515,0
S00516,0
S00517,0
S00518,0
S00519,1
S00520,0
S00521,1
S00522,1
S00523,1
S00524,1
S00525,1
S00526,0
S00527,1
S00528,1
S00529,1
S00530,1
S00531,0
S00532,1
S00533,0
S00534,0
S00535,0
S00536,1
S00537,0
S00538,0
S00539,1
S00540,1
S00541,1
S00542,1
S00543,0
S00544,0
S00545,0
S00546,0
S00547,1
S00548,1
S00549,1
S00550,0
S00551,1
S00552,1
S00553,0
S00554,1
S00555,0
S00556,1
S00557,1
S00558,1
S00559,1
S00560,1
S00561,0
S00562,0
S00563,1
S00564,0
S00565,1
S00566,0
S00567,1
S00568,0
S00569,1
S00570,0
S00571,0
S00572,0
S00573,0
S00574,1
S00575,1
S00576,1
S00577,1
S00578,1
S00579,1
S00580,1
S00581,1
S00582,0
S00583,1
S00584,1
S00585,0
S00586,1
S00587,1
S00588,0
S00589,1
S00590,1
S00591,1
S00592,1
S00593,0
S00594,1
S00595,1
S00596,0
S00597,1
S00598,0
S00599,1
S00600,0
S00601,1
S00602,0
S00603,0
S00604,1
S00605,1
S00606,1
S00607,1
S00608,1
S00609,1
S00610,0
S00611,1
S00612,0
S00613,0
S00614,1
S00615,1
S00616,0
S00617,0
S00618,1
S00619,0
S00620,0
S00621,1
S00622,1
S00623,0
S00624,1
S00625,0
S00626,1
S00627,0
S00628,1
S00629,1
S00630,0
S00631,1
S00632,0
S00633,0
S00634,0
S00635,1
S00636,1
S00637,1
S00638,0
S00639,0
S00640,0
S00641,0
S00642,1
S00643,0
S00644,0
S00645,0
S00646,1
S00647,0
S00648,1
S00649,0
S00650,1
S00651,0
S00652,1
S00653,1
S00654,1
S00655,1
S00656,1
S00657,1
S00658,1
S00659,0
S00660,1
S00661,1
S00662,1
S00663,1
S00664,1
S00665,1
S00666,0
S00667,1
S00668,0
S00669,1
S00670,0
S00671,1
S00672,0
S00673,1
S00674,1
S00675,0
S00676,1
S00677,1
S00678,1
S00679,1
S00680,1
S00681,1
S00682,0
S00683,1
S00684,1
S00685,0
S00686,1
S00687,1
S00688,0
S00689,1
S00690,1
S00691,0
S00692,1
S00693,1
S00694,0
S00695,1
S00696,1
S00697,0
S00698,0
S00699,1
S00700,1
S00701,1
S00702,1
S00703,0
S00704,0
S00705,0
S00706,1
S00707,1
S00708,0
S00709,1
S00710,0
S00711,1
S00712,0
S00713,1
S00714,0
S00715,1
S00716,0
S00717,0
S00718,0
S00719,0
S00720,0
S00721,0
S00722,1
S00723,0
S00724,1
S00725,1
S00726,0
S00727,1
S00728,0
S00729,1
S00730,1
S00731,1
S00732,1
S00733,0
S00734,1
S00735,0
S00736,1
S00737,1
S00738,1
S00739,0
S00740,0
S00741,0
S00742,1
S00743,1
S00744,0
S00745,1
S00746,1
S00747,1
S00748,0
S00749,1
S00750,0
S00751,0
S00752,1
S00753,1
S00754,0
S00755,1
S00756,0
S00757,1
S00758,0
S00759,0
S00760,0
S00761,1
S00762,1
S00763,0
S00764,0
S00765,1
S00766,1
S00767,1
S00768,0
S00769,1
S00770,1
S00771,1
S00772,1
S00773,1
S00774,0
S00775,0
S00776,1
S00777,1
S00778,0
S00779,0
S00780,0
S00781,1
S00782,1
S00783,0
S00784,1
S00785,0
S00786,0
S00787,0
S00788,1
S00789,0
S00790,1
S00791,1
S00792,1
S00793,1
S00794,0
S00795,0
S00796,1
S00797,0
S00798,0
S00799,0
S00800,1
S00801,1
S00802,0
S00803,1
S00804,1
S00805,1
S00806,0
S00807,0
S00808,1
S00809,1
S00810,1
S00811,1
S00812,0
S00813,1
S00814,1
S00815,0
S00816,0
S00817,0
S00818,0
S00819,0
S00820,1
S00821,0
S00822,1
S00823,1
S00824,1
S00825,1
S00826,0
S00827,1
S00828,1
S00829,1
S00830,0
S00831,0
S00832,1
S00833,0
S00834,0
S00835,1
S00836,1
S00837,0
S00838,1
S00839,1
S00840,1
S00841,1
S00842,0
S00843,1
S00844,0
S00845,0
S00846,0
S00847,0
S00848,0
S00849,1
S00850,1
S00851,1
S00852,0
S00853,1
S00854,1
S00855,1
S00856,0
S00857,0
S00858,1
S00859,1
S00860,0
S00861,0
S00862,0
S00863,1
S00864,0
S00865,1
S00866,0
S00867,1
S00868,1
S00869,1
S00870,1
S00871,1
S00872,1
S00873,1
S00874,0
S00875,0
S00876,1
S00877,0
S00878,1
S00879,1
S00880,0
S00881,0
S00882,0
S00883,0
S00884,1
S00885,1
S00886,1
S00887,1
S00888,0
S00889,1
S00890,0
S00891,1
S00892,1
S00893,0
S00894,1
S00895,0
S00896,1
S00897,1
S00898,0
S00899,1
S00900,1
S00901,0
S00902,1
S00903,1
S00904,1
S00905,0
S00906,0
S00907,0
S00908,1
S00909,0
S00910,0
S00911,0
S00912,1
S00913,0
S00914,0
S00915,1
S00916,1
S00917,1
S00918,1
S00919,0
S00920,1
S00921,1
S00922,0
S00923,0
S00924,1
S00925,1
S00926,1
S00927,1
S00928,1
S00929,1
S00930,0
S00931,1
S00932,1
S00933,0
S00934,1
S00935,1
S00936,1
S00937,0
S00938,1
S00939,1
S00940,1
S00941,0
S00942,0
S00943,0
S00944,1
S00945,0
S00946,1
S00947,1
S00948,1
S00949,1
S00950,1
S00951,0
S00952,1
S00953,1
S00954,0
S00955,0
S00956,1
S00957,1
S00958,1
S00959,1
S00960,0
S00961,0
S00962,0
S00963,1
S00964,0
S00965,1
S00966,0
S00967,1
S00968,1
S00969,1
S00970,1
S00971,1
S00972,0
S00973,1
S00974,0
S00975,1
S00976,1
S00977,0
S00978,0
S00979,0
S00980,1
S00981,1
S00982,1
S00983,1
S00984,1
S00985,1
S00986,0
S00987,0
S00988,0
S00989,0
S00990,0
S00991,1
S00992,1
S00993,1
S00994,1
S00995,1
S00996,1
S00997,0
S00998,1
S00999,0
S01000,0
S01001,1
S01002,1
S01003,1
S01004,1
S01005,0
S01006,1
S01007,0
S01008,1
S01009,1
S01010,0
S01011,1
S01012,1
S01013,1
S01014,1
S01015,1
S01016,1
S01017,1
S01018,1
S01019,1
S01020,0
S01021,1
S01022,1
S01023,0
S01024,1
S01025,1
S01026,0
S01027,0
S01028,0
S01029,1
S01030,1
S01031,1
S01032,1
S01033,1
S01034,1
S01035,1
S01036,1
S01037,1
S01038,0
S01039,1
S01040,1
S01041,0
S01042,0
S01043,0
S01044,1
S01045,0
S01046,1
S01047,1
S01048,1
S01049,0
S01050,1
S01051,1
S01052,1
S01053,0
S01054,0
S01055,0
S01056,1
S01057,1
S01058,0
S01059,0
S01060,1
S01061,0
S01062,1
S01063,1
S01064,0
S01065,0
S01066,1
S01067,0
S01068,1
S01069,0
S01070,1
S01071,0
S01072,0
S01073,1
S01074,0
S01075,1
S01076,1
S01077,1
S01078,1
S01079,1
S01080,1
S01081,1
S01082,1
S01083,1
S01084,1
S01085,1
S01086,1
S01087,1
S01088,1
S01089,0
S01090,0
S01091,1
S01092,1
S01093,0
S01094,1
S01095,1
S01096,1
S01097,1
S01098,0
S01099,0
S01100,0
S01101,1
S01102,1
S01103,0
S01104,0
S01105,1
S01106,0
S01107,0
S01108,0
S01109,0
S01110,0
S01111,1
S01112,1
S01113,0
S01114,0
S01115,1
S01116,1
S01117,1
S01118,0
S01119,0
S01120,0
S01121,0
S01122,0
S01123,0
S01124,1
S01125,1
S01126,1
S01127,1
S01128,1
S01129,1
S01130,1
S01131,1
S01132,1
S01133,0
S01134,0
S01135,0
S01136,0
S01137,1
S01138,0
S01139,1
S01140,1
S01141,0
S01142,1
S01143,0
S01144,1
S01145,1
S01146,1
S01147,0
S01148,1
S01149,1
S01150,1
S01151,0
S01152,1
S01153,1
S01154,0
S01155,0
S01156,0
S01157,0
S01158,1
S01159,0
S01160,1
S01161,1
S01162,0
S01163,1
S01164,0
S01165,1
S01166,1
S01167,1
S01168,0
S01169,0
S01170,0
S01171,0
S01172,1
S01173,1
S01174,1
S01175,0
S01176,0
S01177,1
S01178,1
S01179,1
S01180,0
S01181,1
S01182,0
S01183,1
S01184,1
S01185,1
S01186,1
S01187,1
S01188,0
S01189,0
S01190,1
S01191,0
S01192,1
S01193,0
S01194,0
S01195,0
S01196,0
S01197,0
S01198,1
S01199,1
S01200,0
S01201,1
S01202,1
S01203,1
S01204,1
S01205,0
S01206,1
S01207,0
S01208,1
S01209,1
S01210,1
S01211,0
S01212,0
S01213,0
S01214,0
S01215,1
S01216,1
S01217,1
S01218,1
S01219,0
S01220,0
S01221,1
S01222,0
S01223,1
S01224,1
S01225,1
S01226,1
S01227,1
S01228,1
S01229,1
S01230,1
S01231,0
S01232,1
S01233,1
S01234,0
S01235,1
S01236,0
S01237,0
S01238,0
S01239,1
S01240,0
S01241,0
S01242,1
S01243,1
S01244,1
S01245,1
S01246,1
S01247,1
S01248,1
S01249,0
S01250,1
S01251,1
S01252,0
S01253,0
S01254,1
S01255,0
S01256,1
S01257,1
S01258,0
S01259,1
S01260,0
S01261,1
S01262,1
S01263,1
S01264,1
S01265,0
S01266,0
S01267,1
S01268,1
S01269,1
S01270,1
S01271,0
S01272,0
S01273,1
S01274,0
S01275,1
S01276,1
S01277,1
S01278,0
S01279,0
S01280,1
S01281,0
S01282,1
S01283,0
S01284,1
S01285,1
S01286,0
S01287,0
S01288,0
S01289,0
S01290,1
S01291,1
S01292,0
S01293,1
S01294,0
S01295,1
S01296,1
S01297,0
S01298,0
S01299,1
S01300,1
S01301,0
S01302,0
S01303,0
S01304,1
S01305,1
S01306,0
S01307,1
S01308,1
S01309,1
S01310,0
S01311,1
S01312,0
S01313,1
S01314,0
S01315,1
S01316,1
S01317,1
S01318,1
S01319,0
S01320,1
S01321,1
S01322,0
S01323,1
S01324,1
S01325,0
S01326,1
S01327,0
S01328,1
S01329,0
S01330,0
S01331,0
S01332,1
S01333,0
S01334,0
S01335,1
S01336,1
S01337,1
S01338,0
S01339,1
S01340,0
S01341,0
S01342,1
S01343,1
S01344,1
S01345,0
S01346,1
S01347,0
S01348,0
S01349,1
S01350,1
S01351,0
S01352,1
S01353,0
S01354,0
S01355,0
S01356,1
S01357,1
S01358,1
S01359,1
S01360,1
S01361,1
S01362,1
S01363,0
S01364,1
S01365,0
S01366,0
S01367,1
S01368,0
S01369,1
S01370,1
S01371,0
S01372,1
S01373,1
S01374,1
S01375,1
S01376,1
S01377,1
S01378,1
S01379,0
S01380,0
S01381,1
S01382,1
S01383,1
S01384,1
S01385,1
S01386,1
S01387,0
S01388,0
S01389,1
S01390,1
S01391,1
S01392,1
S01393,0
S01394,0
S01395,1
S01396,1
S01397,1
S01398,1
S01399,0
S01400,1
S01401,0
S01402,0
S01403,0
S01404,1
S01405,1
S01406,0
S01407,1
S01408,0
S01409,1
S01410,0
S01411,1
S01412,1
S01413,1
S01414,1
S01415,1
S01416,0
S01417,1
S01418,1
S01419,0
S01420,1
S01421,1
S01422,0
S01423,0
S01424,1
S01425,1
S01426,0
S01427,0
S01428,1
S01429,1
S01430,1
S01431,1
S01432,0
S01433,1
S01434,0
S01435,1
S01436,0
S01437,1
S01438,0
S01439,0
S01440,0
S01441,0
S01442,0
S01443,1
S01444,1
S01445,0
S01446,1
S01447,1
S01448,0
S01449,1
S01450,1
S01451,1
S01452,0
S01453,1
S01454,0
S01455,0
S01456,1
S01457,1
S01458,0
S01459,1
S01460,1
S01461,1
S01462,1
S01463,1
S01464,0
S01465,0
S01466,0
S01467,1
S01468,1
S01469,0
S01470,1
S01471,1
S01472,1
S01473,0
S01474,0
S01475,0
S01476,0
S01477,1
S01478,0
S01479,1
S01480,1
S01481,0
S01482,0
S01483,0
S01484,1
S01485,1
S01486,1
S01487,0
S01488,0
S01489,1
S01490,1
S01491,1
S01492,0
S01493,1
S01494,1
S01495,0
S01496,1
S01497,1
S01498,1
S01499,1
S01500,1
S01501,0
S01502,1
S01503,1
S01504,1
S01505,1
S01506,0
S01507,1
S01508,1
S01509,1
S01510,1
S01511,0
S01512,0
S01513,0
S01514,0
S01515,1
S01516,1
S01517,1
S01518,0
S01519,1
S01520,1
S01521,1
S01522,0
S01523,1
S01524,0
S01525,0
S01526,0
S01527,0
S01528,1
S01529,1
S01530,0
S01531,0
S01532,1
S01533,1
S01534,0
S01535,0
S01536,1
S01537,0
S01538,0
S01539,0
S01540,0
S01541,0
S01542,0
S01543,0
S01544,0
S01545,1
S01546,1
S01547,1
S01548,1
S01549,1
S01550,0
S01551,1
S01552,1
S01553,1
S01554,0
S01555,1
S01556,0
S01557,0
S01558,1
S01559,1
S01560,1
S01561,0
S01562,1
S01563,0
S01564,0
S01565,0
S01566,0
S01567,0
S01568,1
S01569,0
S01570,0
S01571,0
S01572,1
S01573,1
S01574,1
S01575,1
S01576,1
S01577,0
S01578,0
S01579,0
S01580,1
S01581,0
S01582,1
S01583,1
S01584,1
S01585,1
S01586,1
S01587,0
S01588,1
S01589,0
S01590,1
S01591,0
S01592,0
S01593,0
S01594,1
S01595,1
S01596,1
S01597,1
S01598,0
S01599,0
S01600,0
S01601,1
S01602,0
S01603,1
S01604,1
S01605,0
S01606,0
S01607,0
S01608,1
S01609,1
S01610,1
S01611,1
S01612,1
S01613,0
S01614,1
S01615,1
S01616,0
S01617,1
S01618,0
S01619,1
S01620,0
S01621,1
S01622,0
S01623,0
S01624,0
S01625,1
S01626,1
S01627,1
S01628,1
S01629,0
S01630,1
S01631,1
S01632,1
S01633,0
S01634,0
S01635,0
S01636,0
S01637,0
S01638,1
S01639,0
S01640,0
S01641,1
S01642,0
S01643,0
S01644,0
S01645,0
S01646,0
S01647,0
S01648,1
S01649,0
S01650,1
S01651,0
S01652,0
S01653,1
S01654,1
S01655,1
S01656,1
S01657,1
S01658,1
S01659,1
S01660,0
S01661,0
S01662,1
S01663,1
S01664,1
S01665,1
S01666,1
S01667,0
S01668,1
S01669,0
S01670,0
S01671,1
S01672,1
S01673,1
S01674,1
S01675,1
S01676,1
S01677,0
S01678,1
S01679,0
S01680,0
S01681,1
S01682,0
S01683,1
S01684,1
S01685,1
S01686,0
S01687,0
S01688,0
S01689,0
S01690,0
S01691,1
S01692,0
S01693,0
S01694,1
S01695,0
S01696,1
S01697,1
S01698,0
S01699,0
S01700,1
S01701,1
S01702,1
S01703,1
S01704,0
S01705,0
S01706,0
S01707,1
S01708,1
S01709,1
S01710,1
S01711,0
S01712,0
S01713,0
S01714,1
S01715,0
S01716,1
S01717,0
S01718,1
S01719,1
S01720,1
S01721,0
S01722,1
S01723,1
S01724,1
S01725,1
S01726,1
S01727,0
S01728,1
S01729,1
S01730,0
S01731,1
S01732,1
S01733,0
S01734,0
S01735,1
S01736,1
S01737,0
S01738,0
S01739,1
S01740,1
S01741,0
S01742,0
S01743,0
S01744,0
S01745,0
S01746,0
S01747,1
S01748,0
S01749,1
S01750,0
S01751,1
S01752,0
S01753,1
S01754,1
S01755,1
S01756,1
S01757,0
S01758,0
S01759,0
S01760,0
S01761,1
S01762,0
S01763,0
S01764,0
S01765,0
S01766,0
S01767,0
S01768,1
S01769,1
S01770,1
S01771,0
S01772,1
S01773,1
S01774,0
S01775,0
S01776,1
S01777,0
S01778,1
S01779,0
S01780,0
S01781,1
S01782,1
S01783,1
S01784,0
S01785,1
S01786,0
S01787,1
S01788,0
S01789,0
S01790,1
S01791,0
S01792,0
S01793,0
S01794,0
S01795,1
S01796,1
S01797,1
S01798,1
S01799,1
S01800,1
S01801,1
S01802,1
S01803,1
S01804,1
S01805,0
S01806,1
S01807,0
S01808,0
S01809,0
S01810,1
S01811,0
S01812,1
S01813,0
S01814,0
S01815,1
S01816,1
S01817,0
S01818,0
S01819,1
S01820,0
S01821,1
S01822,1
S01823,1
S01824,1
S01825,0
S01826,1
S01827,1
S01828,1
S01829,0
S01830,0
S01831,1
S01832,1
S01833,0
S01834,1
S01835,0
S01836,1
S01837,0
S01838,0
S01839,1
S01840,0
S01841,1
S01842,1
S01843,0
S01844,1
S01845,1
S01846,0
S01847,1
S01848,1
S01849,1
S01850,1
S01851,1
S01852,1
S01853,0
S01854,1
S01855,0
S01856,1
S01857,1
S01858,1
S01859,1
S01860,0
S01861,0
S01862,1
S01863,0
S01864,1
S01865,1
S01866,1
S01867,1
S01868,1
S01869,1
S01870,0
S01871,0
S01872,0
S01873,0
S01874,1
S01875,0
S01876,1
S01877,1
S01878,1
S01879,1
S01880,0
S01881,1
S01882,1
S01883,1
S01884,0
S01885,1
S01886,1
S01887,1
S01888,0
S01889,1
S01890,0
S01891,0
S01892,0
S01893,1
S01894,1
S01895,0
S01896,0
S01897,0
S01898,1
S01899,1
S01900,0
S01901,0
S01902,0
S01903,1
S01904,0
S01905,1
S01906,1
S01907,0
S01908,1
S01909,1
S01910,0
S01911,0
S01912,0
S01913,0
S01914,1
S01915,1
S01916,1
S01917,0
S01918,0
S01919,1
S01920,1
S01921,1
S01922,0
S01923,0
S01924,0
S01925,1
S01926,1
S01927,1
S01928,1
S01929,0
S01930,1
S01931,1
S01932,0
S01933,0
S01934,1
S01935,1
S01936,0
S01937,1
S01938,1
S01939,1
S01940,1
S01941,0
S01942,1
S01943,0
S01944,1
S01945,0
S01946,0
S01947,1
S01948,0
S01949,1
S01950,1
S01951,1
S01952,1
S01953,0
S01954,1
S01955,0
S01956,0
S01957,0
S01958,0
S01959,1
S01960,1
S01961,0
S01962,1
S01963,0
S01964,1
S01965,1
S01966,0
S01967,1
S01968,0
S01969,1
S01970,1
S01971,0
S01972,1
S01973,0
S01974,0
S01975,1
S01976,0
S01977,0
S01978,0
S01979,0
S01980,1
S01981,0
S01982,0
S01983,1
S01984,1
S01985,0
S01986,0
S01987,1
S01988,1
S01989,0
S01990,0
S01991,1
S01992,0
S01993,1
S01994,1
S01995,0
S01996,0
S01997,0
S01998,1
S01999,1
S02000,1
S02001,1
S02002,0
S02003,0
S02004,0
S02005,1
S02006,0
S02007,1
S02008,1
S02009,1
S02010,1
S02011,0
S02012,0
S02013,1
S02014,1
S02015,1
S02016,0
S02017,1
S02018,1
S02019,1
S02020,0
S02021,1
S02022,1
S02023,1
S02024,1
S02025,1
S02026,0
S02027,0
S02028,1
S02029,0
S02030,0
S02031,1
S02032,0
S02033,1
S02034,1
S02035,1
S02036,1
S02037,0
S02038,0
S02039,0
S02040,1
S02041,1
S02042,0
S02043,0
S02044,0
S02045,1
S02046,0
S02047,1
S02048,1
S02049,1
S02050,1
S02051,1
S02052,0
S02053,1
S02054,0
S02055,0
S02056,1
S02057,1
S02058,1
S02059,0
S02060,1
S02061,1
S02062,0
S02063,1
S02064,0
S02065,1
S02066,0
S02067,0
S02068,0
S02069,1
S02070,0
S02071,1
S02072,1
S02073,0
S02074,0
S02075,0
S02076,0
S02077,1
S02078,1
S02079,0
S02080,0
S02081,0
S02082,1
S02083,0
S02084,1
S02085,1
S02086,1
S02087,0
S02088,0
S02089,0
S02090,0
S02091,1
S02092,0
S02093,1
S02094,0
S02095,0
S02096,0
S02097,0
S02098,1
S02099,1
S02100,0
S02101,0
S02102,1
S02103,0
S02104,1
S02105,0
S02106,0
S02107,1
S02108,0
S02109,1
S02110,1
S02111,0
S02112,1
S02113,0
S02114,1
S02115,0
S02116,0
S02117,1
S02118,1
S02119,1
S02120,1
S02121,1
S02122,1
S02123,1
S02124,1
S02125,1
S02126,0
S02127,1
S02128,0
S02129,1
S02130,0
S02131,1
S02132,0
S02133,1
S02134,0
S02135,1
S02136,0
S02137,0
S02138,1
S02139,1
S02140,0
S02141,0
S02142,1
S02143,1
S02144,1
S02145,0
S02146,1
S02147,1
S02148,0
S02149,0
S02150,1
S02151,1
S02152,1
S02153,0
S02154,0
S02155,1
S02156,1
S02157,1
S02158,1
S02159,0
S02160,1
S02161,1
S02162,0
S02163,1
S02164,0
S02165,0
S02166,0
S02167,1
S02168,1
S02169,1
S02170,0
S02171,0
S02172,0
S02173,0
S02174,1
S02175,0
S02176,1
S02177,1
S02178,1
S02179,0
S02180,0
S02181,1
S02182,1
S02183,1
S02184,1
S02185,1
S02186,0
S02187,1
S02188,1
S02189,0
S02190,0
S02191,1
S02192,1
S02193,0
S02194,1
S02195,1
S02196,1
S02197,1
S02198,1
S02199,0
S02200,1
S02201,0
S02202,1
S02203,1
S02204,0
S02205,1
S02206,1
S02207,0
S02208,1
S02209,0
S02210,1
S02211,0
S02212,0
S02213,0
S02214,1
S02215,0
S02216,1
S02217,0
S02218,1
S02219,0
S02220,0
S02221,0
S02222,0
S02223,0
S02224,0
S02225,1
S02226,1
S02227,0
S02228,1
S02229,1
S02230,1
S02231,0
S02232,1
S02233,0
S02234,0
S02235,1
S02236,1
S02237,0
S02238,0
S02239,1
S02240,0
S02241,0
S02242,0
S02243,0
S02244,0
S02245,0
S02246,0
S02247,0
S02248,1
S02249,1
S02250,1
S02251,0
S02252,0
S02253,1
S02254,1
S02255,0
S02256,0
S02257,1
S02258,1
S02259,1
S02260,1
S02261,1
S02262,1
S02263,1
S02264,1
S02265,0
S02266,1
S02267,1
S02268,1
S02269,1
S02270,1
S02271,1
S02272,0
S02273,0
S02274,1
S02275,1
S02276,1
S02277,1
S02278,0
S02279,0
S02280,0
S02281,1
S02282,1
S02283,1
S02284,1
S02285,0
S02286,0
S02287,1
S02288,0
S02289,0
S02290,1
S02291,0
S02292,1
S02293,1
S02294,1
S02295,1
S02296,1
S02297,1
S02298,0
S02299,1
S02300,1
S02301,1
S02302,1
S02303,1
S02304,1
S02305,0
S02306,1
S02307,0
S02308,1
S02309,0
S02310,0
S02311,0
S02312,0
S02313,1
S02314,1
S02315,1
S02316,1
S02317,0
S02318,1
S02319,0
S02320,1
S02321,1
S02322,1
S02323,1
S02324,0
S02325,0
S02326,1
S02327,1
S02328,0
S02329,1
S02330,1
S02331,1
S02332,1
S02333,1
S02334,1
S02335,1
S02336,1
S02337,0
S02338,0
S02339,0
S02340,0
S02341,1
S02342,1
S02343,1
S02344,0
S02345,1
S02346,1
S02347,0
S02348,1
S02349,1
S02350,1
S02351,1
S02352,1
S02353,0
S02354,1
S02355,0
S02356,1
S02357,0
S02358,0
S02359,0
S02360,0
S02361,1
S02362,1
S02363,1
S02364,1
S02365,1
S02366,0
S02367,1
S02368,1
S02369,1
S02370,0
S02371,0
S02372,0
S02373,1
S02374,1
S02375,0
S02376,1
S02377,0
S02378,0
S02379,0
S02380,0
S02381,1
S02382,1
S02383,0
S02384,0
S02385,0
S02386,0
S02387,1
S02388,0
S02389,0
S02390,0
S02391,1
S02392,1
S02393,0
S02394,0
S02395,0
S02396,1
S02397,1
S02398,1
S02399,1
S02400,1
S02401,1
S02402,1
S02403,0
S02404,0
S02405,0
S02406,1
S02407,0
S02408,1
S02409,1
S02410,1
S02411,1
S02412,0
S02413,1
S02414,0
S02415,1
S02416,1
S02417,1
S02418,1
S02419,1
S02420,1
S02421,1
S02422,0
S02423,1
S02424,1
S02425,0
S02426,1
S02427,0
S02428,0
S02429,1
S02430,1
S02431,1
S02432,1
S02433,0
S02434,0
S02435,0
S02436,0
S02437,0
S02438,1
S02439,0
S02440,1
S02441,0
S02442,1
S02443,1
S02444,0
S02445,0
S02446,1
S02447,1
S02448,0
S02449,1
S02450,1
S02451,1
S02452,1
S02453,1
S02454,0
S02455,0
S02456,0
S02457,1
S02458,1
S02459,0
S02460,0
S02461,1
S02462,1
S02463,1
S02464,1
S02465,0
S02466,0
S02467,0
S02468,1
S02469,1
S02470,1
S02471,0
S02472,1
S02473,0
S02474,1
S02475,1
S02476,0
S02477,1
S02478,0
S02479,1
S02480,1
S02481,1
S02482,0
S02483,0
S02484,1
S02485,0
S02486,1
S02487,0
S02488,0
S02489,1
S02490,1
S02491,0
S02492,1
S02493,1
S02494,0
S02495,1
S02496,0
S02497,0
S02498,1
S02499,0
S02500,0
S02501,0
S02502,0
S02503,0
S02504,0
S02505,1
S02506,0
S02507,1
S02508,1
S02509,1
S02510,1
S02511,1
S02512,0
S02513,1
S02514,1
S02515,1
S02516,0
S02517,1
S02518,0
S02519,1
S02520,0
S02521,1
S02522,1
S02523,0
S02524,1
S02525,0
S02526,1
S02527,0
S02528,1
S02529,0
S02530,0
S02531,0
S02532,0
S02533,0
S02534,1
S02535,0
S02536,1
S02537,0
S02538,1
S02539,1
S02540,1
S02541,0
S02542,1
S02543,1
S02544,0
S02545,1
S02546,1
S02547,0
S02548,1
S02549,0
S02550,1
S02551,1
S02552,0
S02553,0
S02554,1
S02555,0
S02556,0
S02557,1
S02558,1
S02559,0
S02560,0
S02561,0
S02562,1
S02563,1
S02564,1
S02565,0
S02566,1
S02567,0
S02568,1
S02569,0
S02570,0
S02571,1
S02572,0
S02573,1
S02574,0
S02575,0
S02576,0
S02577,0
S02578,0
S02579,1
S02580,1
S02581,0
S02582,0
S02583,1
S02584,0
S02585,1
S02586,0
S02587,0
S02588,1
S02589,0
S02590,1
S02591,1
S02592,0
S02593,1
S02594,1
S02595,0
S02596,0
S02597,1
S02598,0
S02599,1
S02600,0
S02601,1
S02602,1
S02603,0
S02604,0
S02605,1
S02606,1
S02607,1
S02608,1
S02609,1
S02610,1
S02611,1
S02612,0
S02613,1
S02614,0
S02615,1
S02616,1
S02617,1
S02618,1
S02619,1
S02620,1
S02621,1
S02622,1
S02623,0
S02624,1
S02625,0
S02626,1
S02627,0
S02628,0
S02629,0
S02630,0
S02631,0
S02632,1
S02633,1
S02634,1
S02635,0
S02636,1
S02637,1
S02638,1
S02639,1
S02640,0
S02641,0
S02642,1
S02643,1
S02644,0
S02645,1
S02646,1
S02647,0
S02648,0
S02649,0
S02650,1
S02651,0
S02652,1
S02653,1
S02654,0
S02655,1
S02656,0
S02657,0
S02658,0
S02659,1
S02660,1
S02661,1
S02662,1
S02663,1
S02664,1
S02665,0
S02666,1
S02667,0
S02668,1
S02669,1
S02670,1
S02671,1
S02672,0
S02673,1
S02674,0
S02675,1
S02676,1
S02677,1
S02678,0
S02679,1
S02680,1
S02681,1
S02682,1
S02683,1
S02684,1
S02685,1
S02686,0
S02687,0
S02688,1
S02689,1
S02690,1
S02691,1
S02692,0
S02693,1
S02694,1
S02695,1
S02696,0
S02697,0
S02698,1
S02699,0
S02700,0
S02701,0
S02702,1
S02703,0
S02704,0
S02705,1
S02706,1
S02707,0
S02708,0
S02709,1
S02710,0
S02711,1
S02712,1
S02713,1
S02714,0
S02715,0
S02716,1
S02717,0
S02718,0
S02719,1
S02720,1
S02721,1
S02722,1
S02723,0
S02724,1
S02725,0
S02726,0
S02727,0
S02728,0
S02729,1
S02730,1
S02731,1
S02732,1
S02733,1
S02734,1
S02735,0
S02736,1
S02737,1
S02738,0
S02739,1
S02740,0
S02741,1
S02742,0
S02743,1
S02744,1
S02745,1
S02746,1
S02747,1
S02748,0
S02749,1
S02750,1
S02751,0
S02752,1
S02753,1
S02754,1
S02755,1
S02756,0
S02757,1
S02758,0
S02759,1
S02760,0
S02761,1
S02762,1
S02763,0
S02764,1
S02765,0
S02766,0
S02767,0
S02768,1
S02769,0
S02770,1
S02771,0
S02772,0
S02773,0
S02774,0
S02775,0
S02776,1
S02777,0
S02778,1
S02779,1
S02780,0
S02781,1
S02782,1
S02783,1
S02784,1
S02785,1
S02786,1
S02787,0
S02788,0
S02789,1
S02790,0
S02791,1
S02792,1
S02793,0
S02794,1
S02795,1
S02796,0
S02797,1
S02798,0
S02799,1
S02800,0
S02801,0
S02802,1
S02803,1
S02804,0
S02805,1
S02806,0
S02807,1
S02808,1
S02809,1
S02810,0
S02811,0
S02812,1
S02813,0
S02814,1
S02815,1
S02816,1
S02817,0
S02818,1
S02819,0
S02820,1
S02821,1
S02822,1
S02823,1
S02824,1
S02825,1
S02826,0
S02827,1
S02828,0
S02829,1
S02830,1
S02831,1
S02832,0
S02833,1
S02834,0
S02835,0
S02836,0
S02837,1
S02838,0
S02839,0
S02840,1
S02841,1
S02842,0
S02843,0
S02844,0
S02845,0
S02846,0
S02847,1
S02848,0
S02849,1
S02850,1
S02851,1
S02852,0
S02853,1
S02854,0
S02855,0
S02856,1
S02857,0
S02858,0
S02859,0
S02860,0
S02861,0
S02862,1
S02863,1
S02864,0
S02865,1
S02866,0
S02867,0
S02868,1
S02869,1
S02870,1
S02871,1
S02872,0
S02873,1
S02874,1
S02875,1
S02876,1
S02877,1
S02878,1
S02879,0
S02880,1
S02881,0
S02882,0
S02883,1
S02884,0
S02885,1
S02886,0
S02887,1
S02888,1
S02889,1
S02890,1
S02891,1
S02892,0
S02893,1
S02894,1
S02895,1
S02896,0
S02897,1
S02898,1
S02899,0
S02900,1
S02901,0
S02902,0
S02903,0
S02904,0
S02905,0
S02906,1
S02907,1
S02908,1
S02909,1
S02910,0
S02911,1
S02912,0
S02913,1
S02914,0
S02915,0
S02916,0
S02917,0
S02918,0
S02919,0
S02920,0
S02921,0
S02922,0
S02923,0
S02924,0
S02925,1
S02926,0
S02927,0
S02928,0
S02929,1
S02930,1
S02931,1
S02932,0
S02933,1
S02934,1
S02935,1
S02936,1
S02937,0
S02938,1
S02939,1
S02940,0
S02941,0
S02942,0
S02943,0
S02944,1
S02945,0
S02946,0
S02947,0
S02948,1
S02949,0
S02950,0
S02951,0
S02952,0
S02953,0
S02954,0
S02955,1
S02956,1
S02957,1
S02958,1
S02959,0
S02960,0
S02961,1
S02962,0
S02963,1
S02964,0
S02965,1
S02966,1
S02967,1
S02968,1
S02969,1
S02970,0
S02971,1
S02972,1
S02973,0
S02974,1
S02975,0
S02976,1
S02977,0
S02978,1
S02979,1
S02980,1
S02981,1
S02982,0
S02983,1
S02984,1
S02985,0
S02986,1
S02987,1
S02988,1
S02989,1
S02990,1
S02991,1
S02992,1
S02993,0
S02994,1
S02995,0
S02996,0
S02997,1
S02998,1
S02999,0
S03000,0
S03001,1
S03002,1
S03003,1
S03004,0
S03005,1
S03006,1
S03007,0
S03008,0
S03009,1
S03010,1
S03011,0
S03012,0
S03013,0
S03014,1
S03015,1
S03016,1
S03017,1
S03018,0
S03019,0
S03020,0
S03021,1
S03022,0
S03023,1
S03024,1
S03025,1
S03026,0
S03027,1
S03028,0
S03029,1
S03030,1
S03031,1
S03032,1
S03033,0
S03034,0
S03035,1
S03036,1
S03037,0
S03038,0
S03039,1
S03040,1
S03041,1
S03042,0
S03043,0
S03044,1
S03045,1
S03046,1
S03047,0
S03048,1
S03049,0
S03050,0
S03051,1
S03052,1
S03053,1
S03054,0
S03055,1
S03056,0
S03057,1
S03058,1
S03059,1
S03060,1
S03061,0
S03062,0
S03063,1
S03064,1
S03065,1
S03066,1
S03067,1
S03068,1
S03069,0
S03070,1
S03071,0
S03072,1
S03073,0
S03074,1
S03075,0
S03076,1
S03077,1
S03078,1
S03079,0
S03080,1
S03081,0
S03082,1
S03083,0
S03084,0
S03085,0
S03086,0
S03087,0
S03088,1
S03089,1
S03090,1
S03091,0
S03092,1
S03093,1
S03094,1
S03095,0
S03096,0
S03097,1
S03098,1
S03099,0
S03100,1
S03101,1
S03102,0
S03103,1
S03104,1
S03105,0
S03106,1
S03107,1
S03108,0
S03109,1
S03110,1
S03111,0
S03112,1
S03113,1
S03114,1
S03115,1
S03116,0
S03117,0
S03118,1
S03119,1
S03120,1
S03121,1
S03122,0
S03123,0
S03124,1
S03125,1
S03126,0
S03127,0
S03128,1
S03129,1
S03130,0
S03131,1
S03132,1
S03133,1
S03134,1
S03135,0
S03136,0
S03137,1
S03138,1
S03139,1
S03140,0
S03141,1
S03142,1
S03143,0
S03144,1
S03145,0
S03146,1
S03147,0
S03148,0
S03149,1
S03150,0
S03151,1
S03152,1
S03153,0
S03154,0
S03155,1
S03156,1
S03157,0
S03158,0
S03159,1
S03160,1
S03161,1
S03162,1
S03163,1
S03164,0
S03165,1
S03166,1
S03167,0
S03168,1
S03169,0
S03170,1
S03171,1
S03172,1
S03173,0
S03174,1
S03175,1
S03176,1
S03177,0
S03178,0
S03179,1
S03180,1
S03181,0
S03182,1
S03183,1
S03184,0
S03185,0
S03186,1
S03187,1
S03188,1
S03189,1
S03190,1
S03191,0
S03192,1
S03193,0
S03194,0
S03195,0
S03196,1
S03197,0
S03198,0
S03199,0
S03200,1
S03201,1
S03202,0
S03203,1
S03204,1
S03205,0
S03206,1
S03207,1
S03208,1
S03209,1
S03210,1
S03211,1
S03212,0
S03213,0
S03214,0
S03215,1
S03216,1
S03217,0
S03218,0
S03219,1
S03220,0
S03221,0
S03222,1
S03223,1
S03224,1
S03225,0
S03226,0
S03227,0
S03228,1
S03229,1
S03230,1
S03231,0
S03232,0
S03233,0
S03234,1
S03235,0
S03236,1
S03237,1
S03238,1
S03239,1
S03240,1
S03241,0
S03242,0
S03243,0
S03244,0
S03245,1
S03246,1
S03247,1
S03248,0
S03249,1
S03250,1
S03251,1
S03252,1
S03253,1
S03254,1
S03255,1
S03256,1
S03257,0
S03258,0
S03259,1
S03260,1
S03261,1
S03262,1
S03263,0
S03264,1
S03265,0
S03266,1
S03267,0
S03268,0
S03269,0
S03270,1
S03271,1
S03272,1
S03273,0
S03274,0
S03275,1
S03276,1
S03277,1
S03278,0
S03279,1
S03280,1
S03281,1
S03282,1
S03283,0
S03284,0
S03285,1
S03286,1
S03287,1
S03288,1
S03289,1
S03290,1
S03291,1
S03292,1
S03293,1
S03294,1
S03295,1
S03296,1
S03297,1
S03298,1
S03299,1
S03300,1
S03301,0
S03302,0
S03303,1
S03304,0
S03305,0
S03306,0
S03307,0
S03308,1
S03309,1
S03310,1
S03311,1
S03312,1
S03313,1
S03314,0
S03315,0
S03316,0
S03317,0
S03318,0
S03319,1
S03320,0
S03321,1
S03322,1
S03323,0
S03324,0
S03325,1
S03326,1
S03327,0
S03328,1
S03329,0
S03330,1
S03331,0
S03332,1
S03333,1
S03334,0
S03335,1
S03336,1
S03337,1
S03338,1
S03339,1
S03340,1
S03341,0
S03342,0
S03343,0
S03344,0
S03345,0
S03346,1
S03347,1
S03348,1
S03349,1
S03350,1
S03351,1
S03352,1
S03353,1
S03354,1
S03355,1
S03356,1
S03357,1
S03358,1
S03359,1
S03360,1
S03361,0
S03362,1
S03363,1
S03364,0
S03365,1
S03366,0
S03367,1
S03368,0
S03369,1
S03370,0
S03371,0
S03372,1
S03373,0
S03374,1
S03375,0
S03376,1
S03377,1
S03378,0
S03379,1
S03380,0
S03381,1
S03382,0
S03383,0
S03384,1
S03385,1
S03386,0
S03387,1
S03388,0
S03389,1
S03390,0
S03391,0
S03392,0
S03393,0
S03394,1
S03395,0
S03396,1
S03397,0
S03398,1
S03399,1
S03400,1
S03401,1
S03402,0
S03403,1
S03404,1
S03405,0
S03406,1
S03407,1
S03408,0
S03409,1
S03410,0
S03411,0
S03412,1
S03413,1
S03414,1
S03415,0
S03416,1
S03417,1
S03418,1
S03419,0
S03420,0
S03421,0
S03422,1
S03423,1
S03424,0
S03425,0
S03426,1
S03427,1
S03428,1
S03429,0
S03430,0
S03431,0
S03432,0
S03433,1
S03434,0
S03435,0
S03436,0
S03437,0
S03438,1
S03439,1
S03440,0
S03441,0
S03442,1
S03443,1
S03444,1
S03445,0
S03446,0
S03447,1
S03448,1
S03449,0
S03450,1
S03451,1
S03452,1
S03453,1
S03454,0
S03455,1
S03456,0
S03457,0
S03458,0
S03459,1
S03460,0
S03461,1
S03462,1
S03463,1
S03464,1
S03465,1
S03466,1
S03467,0
S03468,1
S03469,1
S03470,1
S03471,1
S03472,0
S03473,1
S03474,0
S03475,1
S03476,1
S03477,1
S03478,0
S03479,0
S03480,0
S03481,1
S03482,1
S03483,0
S03484,0
S03485,0
S03486,0
S03487,0
S03488,1
S03489,1
S03490,0
S03491,0
S03492,0
S03493,0
S03494,1
S03495,1
S03496,1
S03497,1
S03498,0
S03499,0
S03500,0
S03501,1
S03502,0
S03503,0
S03504,1
S03505,1
S03506,0
S03507,0
S03508,0
S03509,1
S03510,1
S03511,0
S03512,0
S03513,1
S03514,1
S03515,1
S03516,0
S03517,1
S03518,1
S03519,1
S03520,1
S03521,1
S03522,1
S03523,1
S03524,0
S03525,1
S03526,0
S03527,1
S03528,1
S03529,1
S03530,1
S03531,1
S03532,0
S03533,1
S03534,0
S03535,0
S03536,0
S03537,0
S03538,1
S03539,0
S03540,0
S03541,1
S03542,1
S03543,1
S03544,1
S03545,1
S03546,0
S03547,1
S03548,1
S03549,0
S03550,0
S03551,1
S03552,0
S03553,0
S03554,1
S03555,1
S03556,1
S03557,1
S03558,1
S03559,0
S03560,1
S03561,1
S03562,0
S03563,0
S03564,1
S03565,0
S03566,1
S03567,1
S03568,0
S03569,1
S03570,0
S03571,1
S03572,1
S03573,1
S03574,0
S03575,1
S03576,0
S03577,1
S03578,1
S03579,0
S03580,1
S03581,1
S03582,1
S03583,1
S03584,0
S03585,0
S03586,0
S03587,0
S03588,1
S03589,1
S03590,1
S03591,1
S03592,1
S03593,1
S03594,0
S03595,1
S03596,1
S03597,1
S03598,1
S03599,0
S03600,1
S03601,1
S03602,1
S03603,1
S03604,1
S03605,0
S03606,0
S03607,0
S03608,1
S03609,0
S03610,0
S03611,0
S03612,1
S03613,0
S03614,0
S03615,0
S03616,1
S03617,0
S03618,0
S03619,0
S03620,1
S03621,1
S03622,0
S03623,1
S03624,1
S03625,1
S03626,1
S03627,0
S03628,0
S03629,0
S03630,1
S03631,0
S03632,0
S03633,0
S03634,1
S03635,0
S03636,1
S03637,0
S03638,1
S03639,0
S03640,1
S03641,1
S03642,0
S03643,1
S03644,0
S03645,1
S03646,1
S03647,1
S03648,0
S03649,0
S03650,0
S03651,1
S03652,1
S03653,0
S03654,0
S03655,1
S03656,0
S03657,1
S03658,1
S03659,1
S03660,1
S03661,1
S03662,0
S03663,1
S03664,0
S03665,1
S03666,0
S03667,0
S03668,0
S03669,1
S03670,0
S03671,0
S03672,1
S03673,1
S03674,0
S03675,0
S03676,1
S03677,1
S03678,1
S03679,1
S03680,1
S03681,0
S03682,1
S03683,1
S03684,0
S03685,1
S03686,1
S03687,1
S03688,1
S03689,1
S03690,0
S03691,1
S03692,1
S03693,1
S03694,0
S03695,0
S03696,1
S03697,0
S03698,1
S03699,0
S03700,0
S03701,1
S03702,0
S03703,0
S03704,1
S03705,0
S03706,0
S03707,1
S03708,0
S03709,1
S03710,1
S03711,0
S03712,1
S03713,1
S03714,1
S03715,0
S03716,0
S03717,1
S03718,1
S03719,0
S03720,1
S03721,0
S03722,1
S03723,1
S03724,1
S03725,0
S03726,0
S03727,0
S03728,0
S03729,1
S03730,1
S03731,0
S03732,1
S03733,1
S03734,1
S03735,0
S03736,1
S03737,0
S03738,1
S03739,1
S03740,0
S03741,1
S03742,1
S03743,1
S03744,1
S03745,1
S03746,1
S03747,1
S03748,0
S03749,0
S03750,1
S03751,0
S03752,0
S03753,1
S03754,1
S03755,1
S03756,1
S03757,1
S03758,0
S03759,1
S03760,1
S03761,1
S03762,0
S03763,1
S03764,1
S03765,0
S03766,1
S03767,1
S03768,1
S03769,0
S03770,0
S03771,0
S03772,0
S03773,1
S03774,0
S03775,0
S03776,1
S03777,1
S03778,0
S03779,1
S03780,1
S03781,0
S03782,1
S03783,1
S03784,1
S03785,0
S03786,0
S03787,0
S03788,0
S03789,0
S03790,0
S03791,1
S03792,0
S03793,0
S03794,0
S03795,0
S03796,1
S03797,0
S03798,0
S03799,0
S03800,1
S03801,1
S03802,0
S03803,1
S03804,0
S03805,1
S03806,1
S03807,1
S03808,0
S03809,1
S03810,0
S03811,1
S03812,0
S03813,1
S03814,1
S03815,0
S03816,1
S03817,1
S03818,1
S03819,0
S03820,1
S03821,1
S03822,1
S03823,0
S03824,1
S03825,1
S03826,0
S03827,1
S03828,0
S03829,0
S03830,1
S03831,0
S03832,1
S03833,0
S03834,1
S03835,1
S03836,1
S03837,0
S03838,0
S03839,1
S03840,1
S03841,1
S03842,0
S03843,0
S03844,0
S03845,0
S03846,0
S03847,0
S03848,0
S03849,0
S03850,1
S03851,0
S03852,0
S03853,1
S03854,1
S03855,0
S03856,1
S03857,0
S03858,1
S03859,0
S03860,1
S03861,1
S03862,1
S03863,0
S03864,0
S03865,1
S03866,0
S03867,1
S03868,0
S03869,0
S03870,1
S03871,1
S03872,1
S03873,1
S03874,1
S03875,1
S03876,1
S03877,1
S03878,1
S03879,0
S03880,0
S03881,0
S03882,1
S03883,1
S03884,1
S03885,1
S03886,1
S03887,0
S03888,1
S03889,1
S03890,1
S03891,1
S03892,1
S03893,0
S03894,0
S03895,0
S03896,0
S03897,1
S03898,0
S03899,1
S03900,1
S03901,1
S03902,0
S03903,1
S03904,0
S03905,0
S03906,0
S03907,1
S03908,0
S03909,1
S03910,0
S03911,1
S03912,1
S03913,1
S03914,1
S03915,1
S03916,1
S03917,0
S03918,1
S03919,1
S03920,1
S03921,1
S03922,0
S03923,0
S03924,0
S03925,0
S03926,1
S03927,0
S03928,1
S03929,1
S03930,0
S03931,0
S03932,0
S03933,0
S03934,1
S03935,0
S03936,0
S03937,1
S03938,1
S03939,0
S03940,0
S03941,1
S03942,1
S03943,1
S03944,1
S03945,0
S03946,1
S03947,0
S03948,0
S03949,1
S03950,0
S03951,1
S03952,1
S03953,1
S03954,0
S03955,0
S03956,1
S03957,0
S03958,1
S03959,1
S03960,0
S03961,0
S03962,0
S03963,1
S03964,0
S03965,0
S03966,0
S03967,1
S03968,1
S03969,0
S03970,1
S03971,1
S03972,0
S03973,1
S03974,0
S03975,0
S03976,1
S03977,1
S03978,0
S03979,1
S03980,1
S03981,1
S03982,1
S03983,0
S03984,0
S03985,1
S03986,0
S03987,0
S03988,1
S03989,1
S03990,1
S03991,1
S03992,0
S03993,0
S03994,1
S03995,0
S03996,0
S03997,0
S03998,1
S03999,1
S04000,0
S04001,1
S04002,1
S04003,0
S04004,1
S04005,1
S04006,1
S04007,0
S04008,0
S04009,0
S04010,0
S04011,0
S04012,0
S04013,1
S04014,0
S04015,0
S04016,1
S04017,1
S04018,0
S04019,0
S04020,1
S04021,1
S04022,0
S04023,1
S04024,0
S04025,1
S04026,0
S04027,0
S04028,1
S04029,1
S04030,0
S04031,1
S04032,1
S04033,0
S04034,1
S04035,1
S04036,0
S04037,1
S04038,0
S04039,0
S04040,1
S04041,0
S04042,1
S04043,0
S04044,0
S04045,1
S04046,1
S04047,0
S04048,0
S04049,1
S04050,0
S04051,1
S04052,1
S04053,0
S04054,0
S04055,0
S04056,1
S04057,0
S04058,1
S04059,0
S04060,1
S04061,1
S04062,0
S04063,0
S04064,0
S04065,1
S04066,1
S04067,1
S04068,0
S04069,1
S04070,1
S04071,1
S04072,0
S04073,0
S04074,1
S04075,0
S04076,0
S04077,1
S04078,1
S04079,1
S04080,1
S04081,1
S04082,1
S04083,1
S04084,1
S04085,0
S04086,1
S04087,1
S04088,1
S04089,1
S04090,0
S04091,1
S04092,1
S04093,1
S04094,1
S04095,1
S04096,0
S04097,0
S04098,1
S04099,1
S04100,1
S04101,0
S04102,1
S04103,0
S04104,0
S04105,1
S04106,0
S04107,1
S04108,1
S04109,1
S04110,1
S04111,1
S04112,0
S04113,1
S04114,1
S04115,0
S04116,0
S04117,1
S04118,0
S04119,1
S04120,0
S04121,1
S04122,1
S04123,0
S04124,1
S04125,0
S04126,1
S04127,0
S04128,0
S04129,0
S04130,1
S04131,1
S04132,1
S04133,1
S04134,0
S04135,0
S04136,0
S04137,1
S04138,0
S04139,0
S04140,0
S04141,1
S04142,1
S04143,1
S04144,1
S04145,1
S04146,1
S04147,1
S04148,1
S04149,1
S04150,0
S04151,1
S04152,1
S04153,1
S04154,1
S04155,0
S04156,0
S04157,1
S04158,0
S04159,1
S04160,1
S04161,1
S04162,0
S04163,1
S04164,0
S04165,1
S04166,1
S04167,1
S04168,0
S04169,0
S04170,1
S04171,1
S04172,0
S04173,1
S04174,0
S04175,0
S04176,1
S04177,0
S04178,0
S04179,0
S04180,0
S04181,1
S04182,0
S04183,1
S04184,1
S04185,1
S04186,0
S04187,1
S04188,0
S04189,1
S04190,1
S04191,1
S04192,0
S04193,1
S04194,1
S04195,0
S04196,1
S04197,1
S04198,0
S04199,0
S04200,1
S04201,1
S04202,0
S04203,1
S04204,0
S04205,0
S04206,0
S04207,0
S04208,1
S04209,0
S04210,1
S04211,1
S04212,1
S04213,0
S04214,1
S04215,0
S04216,1
S04217,1
S04218,1
S04219,0
S04220,0
S04221,0
S04222,1
S04223,1
S04224,0
S04225,0
S04226,0
S04227,1
S04228,1
S04229,1
S04230,1
S04231,1
S04232,0
S04233,1
S04234,0
S04235,1
S04236,0
S04237,0
S04238,1
S04239,1
S04240,1
S04241,1
S04242,1
S04243,1
S04244,0
S04245,1
S04246,1
S04247,0
S04248,1
S04249,1
S04250,1
S04251,0
S04252,0
S04253,0
S04254,1
S04255,1
S04256,1
S04257,0
S04258,1
S04259,1
S04260,1
S04261,1
S04262,1
S04263,0
S04264,1
S04265,1
S04266,0
S04267,1
S04268,1
S04269,1
S04270,0
S04271,0
S04272,1
S04273,1
S04274,1
S04275,1
S04276,1
S04277,1
S04278,1
S04279,0
S04280,1
S04281,0
S04282,1
S04283,1
S04284,0
S04285,1
S04286,1
S04287,0
S04288,1
S04289,1
S04290,1
S04291,1
S04292,0
S04293,1
S04294,1
S04295,0
S04296,1
S04297,1
S04298,1
S04299,0
S04300,1
S04301,0
S04302,0
S04303,0
S04304,0
S04305,1
S04306,1
S04307,1
S04308,1
S04309,1
S04310,0
S04311,1
S04312,0
S04313,1
S04314,1
S04315,0
S04316,1
S04317,1
S04318,1
S04319,1
S04320,1
S04321,1
S04322,1
S04323,0
S04324,1
S04325,0
S04326,0
S04327,1
S04328,1
S04329,1
S04330,1
S04331,0
S04332,1
S04333,0
S04334,1
S04335,1
S04336,1
S04337,0
S04338,1
S04339,0
S04340,1
S04341,1
S04342,1
S04343,0
S04344,1
S04345,1
S04346,1
S04347,1
S04348,1
S04349,1
S04350,0
S04351,0
S04352,1
S04353,0
S04354,1
S04355,0
S04356,0
S04357,1
S04358,0
S04359,1
S04360,0
S04361,0
S04362,1
S04363,1
S04364,0
S04365,1
S04366,1
S04367,0
S04368,1
S04369,0
S04370,0
S04371,1
S04372,1
S04373,1
S04374,0
S04375,1
S04376,1
S04377,0
S04378,0
S04379,0
S04380,0
S04381,1
S04382,1
S04383,1
S04384,1
S04385,1
S04386,0
S04387,1
S04388,1
S04389,1
S04390,0
S04391,1
S04392,0
S04393,0
S04394,0
S04395,0
S04396,1
S04397,1
S04398,0
S04399,1
S04400,1
S04401,1
S04402,1
S04403,1
S04404,1
S04405,0
S04406,1
S04407,0
S04408,1
S04409,1
S04410,0
S04411,0
S04412,0
S04413,0
S04414,1
S04415,1
S04416,0
S04417,1
S04418,0
S04419,1
S04420,1
S04421,1
S04422,1
S04423,1
S04424,1
S04425,1
S04426,0
S04427,1
S04428,1
S04429,1
S04430,0
S04431,0
S04432,1
S04433,0
S04434,1
S04435,0
S04436,1
S04437,0
S04438,0
S04439,1
S04440,1
S04441,0
S04442,1
S04443,0
S04444,0
S04445,1
S04446,0
S04447,1
S04448,0
S04449,1
S04450,1
S04451,1
S04452,0
S04453,1
S04454,1
S04455,0
S04456,1
S04457,0
S04458,0
S04459,1
S04460,1
S04461,0
S04462,1
S04463,1
S04464,0
S04465,1
S04466,1
S04467,1
S04468,0
S04469,0
S04470,0
S04471,0
S04472,1
S04473,1
S04474,1
S04475,1
S04476,0
S04477,1
S04478,1
S04479,0
S04480,1
S04481,1
S04482,1
S04483,0
S04484,0
S04485,0
S04486,1
S04487,1
S04488,0
S04489,1
S04490,0
S04491,1
S04492,0
S04493,1
S04494,0
S04495,1
S04496,1
S04497,0
S04498,1
S04499,1
S04500,1
S04501,0
S04502,1
S04503,0
S04504,0
S04505,0
S04506,1
S04507,0
S04508,1
S04509,1
S04510,0
S04511,0
S04512,0
S04513,0
S04514,0
S04515,0
S04516,1
S04517,1
S04518,0
S04519,1
S04520,0
S04521,1
S04522,0
S04523,0
S04524,1
S04525,0
S04526,1
S04527,0
S04528,1
S04529,1
S04530,1
S04531,1
S04532,1
S04533,0
S04534,1
S04535,0
S04536,1
S04537,1
S04538,0
S04539,1
S04540,1
S04541,0
S04542,1
S04543,1
S04544,0
S04545,1
S04546,0
S04547,1
S04548,1
S04549,0
S04550,1
S04551,0
S04552,1
S04553,0
S04554,0
S04555,1
S04556,1
S04557,0
S04558,1
S04559,1
S04560,0
S04561,1
S04562,0
S04563,0
S04564,0
S04565,1
S04566,0
S04567,1
S04568,1
S04569,0
S04570,1
S04571,0
S04572,1
S04573,0
S04574,1
S04575,1
S04576,1
S04577,0
S04578,1
S04579,1
S04580,1
S04581,1
S04582,0
S04583,1
S04584,1
S04585,0
S04586,1
S04587,0
S04588,1
S04589,1
S04590,0
S04591,1
S04592,1
S04593,0
S04594,1
S04595,0
S04596,1
S04597,1
S04598,1
S04599,0
S04600,1
S04601,1
S04602,0
S04603,1
S04604,0
S04605,1
S04606,1
S04607,0
S04608,0
S04609,1
S04610,0
S04611,1
S04612,1
S04613,1
S04614,0
S04615,1
S04616,0
S04617,0
S04618,1
S04619,1
S04620,1
S04621,1
S04622,1
S04623,0
S04624,1
S04625,1
S04626,0
S04627,1
S04628,1
S04629,1
S04630,0
S04631,0
S04632,0
S04633,1
S04634,1
S04635,1
S04636,1
S04637,1
S04638,1
S04639,0
S04640,1
S04641,0
S04642,1
S04643,1
S04644,0
S04645,0
S04646,1
S04647,0
S04648,1
S04649,1
S04650,1
S04651,1
S04652,1
S04653,1
S04654,1
S04655,1
S04656,0
S04657,0
S04658,0
S04659,1
S04660,1
S04661,0
S04662,1
S04663,0
S04664,0
S04665,1
S04666,1
S04667,0
S04668,0
S04669,1
S04670,1
S04671,0
S04672,0
S04673,1
S04674,0
S04675,0
S04676,1
S04677,0
S04678,1
S04679,1
S04680,0
S04681,1
S04682,1
S04683,1
S04684,1
S04685,1
S04686,0
S04687,0
S04688,1
S04689,0
S04690,0
S04691,1
S04692,0
S04693,1
S04694,1
S04695,0
S04696,1
S04697,0
S04698,1
S04699,0
S04700,0
S04701,0
S04702,1
S04703,1
S04704,1
S04705,1
S04706,0
S04707,1
S04708,1
S04709,1
S04710,1
S04711,1
S04712,0
S04713,1
S04714,0
S04715,1
S04716,0
S04717,1
S04718,0
S04719,1
S04720,1
S04721,0
S04722,0
S04723,0
S04724,0
S04725,0
S04726,1
S04727,1
S04728,0
S04729,1
S04730,0
S04731,0
S04732,1
S04733,1
S04734,1
S04735,0
S04736,0
S04737,1
S04738,0
S04739,0
S04740,1
S04741,0
S04742,1
S04743,0
S04744,0
S04745,0
S04746,1
S04747,1
S04748,0
S04749,1
S04750,0
S04751,1
S04752,0
S04753,1
S04754,0
S04755,1
S04756,1
S04757,1
S04758,1
S04759,0
S04760,1
S04761,1
S04762,1
S04763,1
S04764,0
S04765,1
S04766,0
S04767,0
S04768,1
S04769,1
S04770,1
S04771,0
S04772,1
S04773,1
S04774,1
S04775,1
S04776,0
S04777,1
S04778,0
S04779,0
S04780,1
S04781,1
S04782,0
S04783,1
S04784,1
S04785,1
S04786,1
S04787,0
S04788,0
S04789,1
S04790,0
S04791,0
S04792,1
S04793,1
S04794,1
S04795,1
S04796,0
S04797,0
S04798,1
S04799,0
S04800,1
S04801,0
S04802,0
S04803,1
S04804,0
S04805,0
S04806,0
S04807,0
S04808,1
S04809,1
S04810,0
S04811,0
S04812,1
S04813,0
S04814,0
S04815,0
S04816,0
S04817,1
S04818,0
S04819,1
S04820,1
S04821,1
S04822,0
S04823,0
S04824,1
S04825,1
S04826,1
S04827,1
S04828,0
S04829,0
S04830,0
S04831,0
S04832,0
S04833,1
S04834,0
S04835,0
S04836,0
S04837,1
S04838,1
S04839,0
S04840,1
S04841,0
S04842,0
S04843,0
S04844,1
S04845,0
S04846,0
S04847,1
S04848,1
S04849,1
S04850,1
S04851,0
S04852,1
S04853,1
S04854,1
S04855,0
S04856,0
S04857,0
S04858,1
S04859,0
S04860,0
S04861,0
S04862,0
S04863,1
S04864,0
S04865,0
S04866,0
S04867,0
S04868,0
S04869,0
S04870,1
S04871,1
S04872,1
S04873,1
S04874,0
S04875,0
S04876,1
S04877,1
S04878,0
S04879,0
S04880,0
S04881,1
S04882,0
S04883,0
S04884,0
S04885,0
S04886,1
S04887,0
S04888,0
S04889,1
S04890,0
S04891,0
S04892,0
S04893,1
S04894,0
S04895,1
S04896,0
S04897,0
S04898,1
S04899,0
S04900,0
S04901,0
S04902,0
S04903,0
S04904,1
S04905,1
S04906,0
S04907,0
S04908,1
S04909,1
S04910,0
S04911,1
S04912,1
S04913,1
S04914,1
S04915,1
S04916,0
S04917,1
S04918,0
S04919,1
S04920,0
S04921,1
S04922,1
S04923,1
S04924,0
S04925,0
S04926,0
S04927,0
S04928,0
S04929,0
S04930,1
S04931,0
S04932,0
S04933,1
S04934,1
S04935,1
S04936,1
S04937,0
S04938,0
S04939,1
S04940,0
S04941,1
S04942,1
S04943,0
S04944,0
S04945,1
S04946,1
S04947,1
S04948,1
S04949,1
S04950,0
S04951,0
S04952,0
S04953,1
S04954,1
S04955,1
S04956,1
S04957,1
S04958,0
S04959,1
S04960,1
S04961,1
S04962,1
S04963,1
S04964,1
S04965,1
S04966,1
S04967,1
S04968,1
S04969,1
S04970,0
S04971,1
S04972,0
S04973,0
S04974,1
S04975,0
S04976,1
S04977,1
S04978,0
S04979,0
S04980,0
S04981,1
S04982,0
S04983,0
S04984,1
S04985,0
S04986,0
S04987,1
S04988,1
S04989,1
S04990,1
S04991,0
S04992,1
S04993,1
S04994,1
S04995,0
S04996,1
S04997,1
S04998,0
S04999,1
S05000,1
